id, nama_kelurahan, puskesmas_id, jumlah_kasus, intervensi_1, intervensi_2, intervensi_3, intervensi_4, intervensi_5, intervensi_6, intervensi_7
1,Tawangsari,25,0,Peningkatan kapasitas petugas terkait teknik komunikasi kepada pasien dan keluarga,Penyuluhan tingkat kelurahan dan memperbanyak media Komunikasi Informasi Edukasi (KIE) untuk masyarakat tentang pencegahan dan pengobatan TBC,Peningkatan kualitas layanan fasyankes,Optimalisasi pemberian TPT,Pemberdayaan masyarakat sebagai PMO serta kader TBC di lingkungan masyarakat,Penyuluhan tingkat kelurahan tentang 10 indikator PHBS,Peningkatan pelayanan konseling Upaya Berhenti Merokok (UBM) dan perluasan KTR
2,Krobokan,25,20,Peningkatan kapasitas petugas terkait manajemen efek samping obat,Peningkatan kualitas layanan fasyankes,Pemberdayaan masyarakat sebagai PMO serta kader TBC di lingkungan masyarakat,Penyuluhan tingkat kelurahan tentang 10 indikator PHBS,Penyuluhan tingkat kelurahan dan memperbanyak media Komunikasi Informasi Edukasi (KIE) untuk masyarakat tentang pencegahan dan pengobatan TBC,Peningkatan pelayanan konseling Upaya Berhenti Merokok (UBM) dan perluasan KTR,Peningkatan kapasitas petugas terkait teknik komunikasi kepada pasien dan keluarga
3,Purwodinatan,28,13,Peningkatan kapasitas petugas terkait teknik komunikasi kepada pasien dan keluarga,Penyuluhan tingkat kelurahan dan memperbanyak media Komunikasi Informasi Edukasi (KIE) untuk masyarakat tentang pencegahan dan pengobatan TBC,Peningkatan kualitas layanan fasyankes,Optimalisasi pemberian TPT,Pemberdayaan masyarakat sebagai PMO serta kader TBC di lingkungan masyarakat,Penyuluhan tingkat kelurahan tentang 10 indikator PHBS,Peningkatan pelayanan konseling Upaya Berhenti Merokok (UBM) dan perluasan KTR
4,Bulustalan,26,5,Peningkatan kapasitas petugas terkait teknik komunikasi kepada pasien dan keluarga,Penyuluhan tingkat kelurahan dan memperbanyak media Komunikasi Informasi Edukasi (KIE) untuk masyarakat tentang pencegahan dan pengobatan TBC,Peningkatan kualitas layanan fasyankes,Optimalisasi pemberian TPT,Pemberdayaan masyarakat sebagai PMO serta kader TBC di lingkungan masyarakat,Penyuluhan tingkat kelurahan tentang 10 indikator PHBS,Peningkatan pelayanan konseling Upaya Berhenti Merokok (UBM) dan perluasan KTR
5,Wonodri,26,13,Peningkatan kapasitas petugas terkait teknik komunikasi kepada pasien dan keluarga,Peningkatan kualitas layanan fasyankes,Penyuluhan tingkat kelurahan tentang 10 indikator PHBS,Penyuluhan tingkat kelurahan dan memperbanyak media Komunikasi Informasi Edukasi (KIE) untuk masyarakat tentang pencegahan dan pengobatan TBC,Pemberdayaan masyarakat sebagai PMO serta kader TBC di lingkungan masyarakat,Optimalisasi pemberian TPT,Peningkatan pelayanan konseling Upaya Berhenti Merokok (UBM) dan perluasan KTR
6,Mlatibaru,32,12,Peningkatan kapasitas petugas terkait teknik komunikasi kepada pasien dan keluarga,Peningkatan kualitas layanan fasyankes,Penyuluhan tingkat kelurahan tentang 10 indikator PHBS,Penyuluhan tingkat kelurahan dan memperbanyak media Komunikasi Informasi Edukasi (KIE) untuk masyarakat tentang pencegahan dan pengobatan TBC,Pemberdayaan masyarakat sebagai PMO serta kader TBC di lingkungan masyarakat,Optimalisasi pemberian TPT,Peningkatan pelayanan konseling Upaya Berhenti Merokok (UBM) dan perluasan KTR
7,Pendrikan kidul,28,2,Undefined,Undefined,Undefined,Undefined,Undefined,Undefined,Undefined
8,Gisikdrono,23,23,Peningkatan kapasitas petugas terkait manajemen efek samping obat,Peningkatan kualitas layanan fasyankes,Pemberdayaan masyarakat sebagai PMO serta kader TBC di lingkungan masyarakat,Penyuluhan tingkat kelurahan tentang 10 indikator PHBS,Penyuluhan tingkat kelurahan dan memperbanyak media Komunikasi Informasi Edukasi (KIE) untuk masyarakat tentang pencegahan dan pengobatan TBC,Peningkatan pelayanan konseling Upaya Berhenti Merokok (UBM) dan perluasan KTR,Peningkatan kapasitas petugas terkait teknik komunikasi kepada pasien dan keluarga
9,Tawangmas,25,5,Peningkatan kapasitas petugas terkait teknik komunikasi kepada pasien dan keluarga,Peningkatan kualitas layanan fasyankes,Penyuluhan tingkat kelurahan tentang 10 indikator PHBS,Penyuluhan tingkat kelurahan dan memperbanyak media Komunikasi Informasi Edukasi (KIE) untuk masyarakat tentang pencegahan dan pengobatan TBC,Pemberdayaan masyarakat sebagai PMO serta kader TBC di lingkungan masyarakat,Optimalisasi pemberian TPT,Peningkatan pelayanan konseling Upaya Berhenti Merokok (UBM) dan perluasan KTR
10,Cabean,21,3,Undefined,Undefined,Undefined,Undefined,Undefined,Undefined,Undefined
11,Salamanmloyo,21,4,Peningkatan kapasitas petugas terkait teknik komunikasi kepada pasien dan keluarga,Penyuluhan tingkat kelurahan dan memperbanyak media Komunikasi Informasi Edukasi (KIE) untuk masyarakat tentang pencegahan dan pengobatan TBC,Peningkatan kualitas layanan fasyankes,Optimalisasi pemberian TPT,Pemberdayaan masyarakat sebagai PMO serta kader TBC di lingkungan masyarakat,Penyuluhan tingkat kelurahan tentang 10 indikator PHBS,Peningkatan pelayanan konseling Upaya Berhenti Merokok (UBM) dan perluasan KTR
12,Karang ayu,21,4,Peningkatan kapasitas petugas terkait teknik komunikasi kepada pasien dan keluarga,Penyuluhan tingkat kelurahan dan memperbanyak media Komunikasi Informasi Edukasi (KIE) untuk masyarakat tentang pencegahan dan pengobatan TBC,Peningkatan kualitas layanan fasyankes,Optimalisasi pemberian TPT,Pemberdayaan masyarakat sebagai PMO serta kader TBC di lingkungan masyarakat,Penyuluhan tingkat kelurahan tentang 10 indikator PHBS,Peningkatan pelayanan konseling Upaya Berhenti Merokok (UBM) dan perluasan KTR
13,Kalibanteng kulon,23,8,Peningkatan kapasitas petugas terkait teknik komunikasi kepada pasien dan keluarga,Peningkatan kualitas layanan fasyankes,Penyuluhan tingkat kelurahan tentang 10 indikator PHBS,Penyuluhan tingkat kelurahan dan memperbanyak media Komunikasi Informasi Edukasi (KIE) untuk masyarakat tentang pencegahan dan pengobatan TBC,Pemberdayaan masyarakat sebagai PMO serta kader TBC di lingkungan masyarakat,Optimalisasi pemberian TPT,Peningkatan pelayanan konseling Upaya Berhenti Merokok (UBM) dan perluasan KTR
14,Kalibanteng kidul,23,2,Peningkatan kapasitas petugas terkait teknik komunikasi kepada pasien dan keluarga,Penyuluhan tingkat kelurahan dan memperbanyak media Komunikasi Informasi Edukasi (KIE) untuk masyarakat tentang pencegahan dan pengobatan TBC,Peningkatan kualitas layanan fasyankes,Optimalisasi pemberian TPT,Pemberdayaan masyarakat sebagai PMO serta kader TBC di lingkungan masyarakat,Penyuluhan tingkat kelurahan tentang 10 indikator PHBS,Peningkatan pelayanan konseling Upaya Berhenti Merokok (UBM) dan perluasan KTR
15,Bongsari,22,8,Peningkatan kapasitas petugas terkait teknik komunikasi kepada pasien dan keluarga,Peningkatan kualitas layanan fasyankes,Penyuluhan tingkat kelurahan tentang 10 indikator PHBS,Penyuluhan tingkat kelurahan dan memperbanyak media Komunikasi Informasi Edukasi (KIE) untuk masyarakat tentang pencegahan dan pengobatan TBC,Pemberdayaan masyarakat sebagai PMO serta kader TBC di lingkungan masyarakat,Optimalisasi pemberian TPT,Peningkatan pelayanan konseling Upaya Berhenti Merokok (UBM) dan perluasan KTR
16,Manyaran,24,19,Peningkatan kapasitas petugas terkait manajemen efek samping obat,Peningkatan kualitas layanan fasyankes,Pemberdayaan masyarakat sebagai PMO serta kader TBC di lingkungan masyarakat,Penyuluhan tingkat kelurahan tentang 10 indikator PHBS,Penyuluhan tingkat kelurahan dan memperbanyak media Komunikasi Informasi Edukasi (KIE) untuk masyarakat tentang pencegahan dan pengobatan TBC,Peningkatan pelayanan konseling Upaya Berhenti Merokok (UBM) dan perluasan KTR,Peningkatan kapasitas petugas terkait teknik komunikasi kepada pasien dan keluarga
17,Ngemplaksimongan,22,15,Peningkatan kualitas layanan fasyankes,Peningkatan kapasitas petugas terkait teknik komunikasi kepada pasien dan keluarga,Penyuluhan tingkat kelurahan dan memperbanyak media Komunikasi Informasi Edukasi (KIE) untuk masyarakat tentang pencegahan dan pengobatan TBC,Pemberdayaan masyarakat sebagai PMO serta kader TBC di lingkungan masyarakat,Optimalisasi pemberian TPT,Penyuluhan tingkat kelurahan tentang 10 indikator PHBS,Peningkatan pelayanan konseling Upaya Berhenti Merokok (UBM) dan perluasan KTR
18,Bojongsalaman,21,5,Peningkatan kapasitas petugas terkait teknik komunikasi kepada pasien dan keluarga,Peningkatan kualitas layanan fasyankes,Penyuluhan tingkat kelurahan tentang 10 indikator PHBS,Penyuluhan tingkat kelurahan dan memperbanyak media Komunikasi Informasi Edukasi (KIE) untuk masyarakat tentang pencegahan dan pengobatan TBC,Pemberdayaan masyarakat sebagai PMO serta kader TBC di lingkungan masyarakat,Optimalisasi pemberian TPT,Peningkatan pelayanan konseling Upaya Berhenti Merokok (UBM) dan perluasan KTR
19,Kembangarum,24,28,Peningkatan kualitas layanan fasyankes,Peningkatan kapasitas petugas terkait teknik komunikasi kepada pasien dan keluarga,Penyuluhan tingkat kelurahan dan memperbanyak media Komunikasi Informasi Edukasi (KIE) untuk masyarakat tentang pencegahan dan pengobatan TBC,Pemberdayaan masyarakat sebagai PMO serta kader TBC di lingkungan masyarakat,Optimalisasi pemberian TPT,Penyuluhan tingkat kelurahan tentang 10 indikator PHBS,Peningkatan pelayanan konseling Upaya Berhenti Merokok (UBM) dan perluasan KTR
20,Krapyak,24,9,Undefined,Undefined,Undefined,Undefined,Undefined,Undefined,Undefined
21,Tambak harjo,23,2,Peningkatan kapasitas petugas terkait teknik komunikasi kepada pasien dan keluarga,Penyuluhan tingkat kelurahan dan memperbanyak media Komunikasi Informasi Edukasi (KIE) untuk masyarakat tentang pencegahan dan pengobatan TBC,Peningkatan kualitas layanan fasyankes,Optimalisasi pemberian TPT,Pemberdayaan masyarakat sebagai PMO serta kader TBC di lingkungan masyarakat,Penyuluhan tingkat kelurahan tentang 10 indikator PHBS,Peningkatan pelayanan konseling Upaya Berhenti Merokok (UBM) dan perluasan KTR
22,Purwosari,15,15,Undefined,Undefined,Undefined,Undefined,Undefined,Undefined,Undefined
23,Kuningan,33,32,Peningkatan kualitas layanan fasyankes,Peningkatan kapasitas petugas terkait teknik komunikasi kepada pasien dan keluarga,Penyuluhan tingkat kelurahan dan memperbanyak media Komunikasi Informasi Edukasi (KIE) untuk masyarakat tentang pencegahan dan pengobatan TBC,Pemberdayaan masyarakat sebagai PMO serta kader TBC di lingkungan masyarakat,Optimalisasi pemberian TPT,Penyuluhan tingkat kelurahan tentang 10 indikator PHBS,Peningkatan pelayanan konseling Upaya Berhenti Merokok (UBM) dan perluasan KTR
24,Panggung kidul,15,11,Peningkatan kapasitas petugas terkait teknik komunikasi kepada pasien dan keluarga,Penyuluhan tingkat kelurahan dan memperbanyak media Komunikasi Informasi Edukasi (KIE) untuk masyarakat tentang pencegahan dan pengobatan TBC,Peningkatan kualitas layanan fasyankes,Optimalisasi pemberian TPT,Pemberdayaan masyarakat sebagai PMO serta kader TBC di lingkungan masyarakat,Penyuluhan tingkat kelurahan tentang 10 indikator PHBS,Peningkatan pelayanan konseling Upaya Berhenti Merokok (UBM) dan perluasan KTR
25,Bandarharjo,33,36,Peningkatan kapasitas petugas terkait manajemen efek samping obat,Peningkatan kualitas layanan fasyankes,Pemberdayaan masyarakat sebagai PMO serta kader TBC di lingkungan masyarakat,Penyuluhan tingkat kelurahan tentang 10 indikator PHBS,Penyuluhan tingkat kelurahan dan memperbanyak media Komunikasi Informasi Edukasi (KIE) untuk masyarakat tentang pencegahan dan pengobatan TBC,Peningkatan pelayanan konseling Upaya Berhenti Merokok (UBM) dan perluasan KTR,Peningkatan kapasitas petugas terkait teknik komunikasi kepada pasien dan keluarga
26,Panggung lor,15,12,Peningkatan kualitas layanan fasyankes,Peningkatan kapasitas petugas terkait teknik komunikasi kepada pasien dan keluarga,Penyuluhan tingkat kelurahan dan memperbanyak media Komunikasi Informasi Edukasi (KIE) untuk masyarakat tentang pencegahan dan pengobatan TBC,Pemberdayaan masyarakat sebagai PMO serta kader TBC di lingkungan masyarakat,Optimalisasi pemberian TPT,Penyuluhan tingkat kelurahan tentang 10 indikator PHBS,Peningkatan pelayanan konseling Upaya Berhenti Merokok (UBM) dan perluasan KTR
27,Plombokan,15,11,Peningkatan kualitas layanan fasyankes,Peningkatan kapasitas petugas terkait teknik komunikasi kepada pasien dan keluarga,Penyuluhan tingkat kelurahan dan memperbanyak media Komunikasi Informasi Edukasi (KIE) untuk masyarakat tentang pencegahan dan pengobatan TBC,Pemberdayaan masyarakat sebagai PMO serta kader TBC di lingkungan masyarakat,Optimalisasi pemberian TPT,Penyuluhan tingkat kelurahan tentang 10 indikator PHBS,Peningkatan pelayanan konseling Upaya Berhenti Merokok (UBM) dan perluasan KTR
28,Kranggan,28,2,Undefined,Undefined,Undefined,Undefined,Undefined,Undefined,Undefined
29,Gabahan,29,13,Peningkatan kapasitas petugas terkait teknik komunikasi kepada pasien dan keluarga,Peningkatan kualitas layanan fasyankes,Penyuluhan tingkat kelurahan tentang 10 indikator PHBS,Penyuluhan tingkat kelurahan dan memperbanyak media Komunikasi Informasi Edukasi (KIE) untuk masyarakat tentang pencegahan dan pengobatan TBC,Pemberdayaan masyarakat sebagai PMO serta kader TBC di lingkungan masyarakat,Optimalisasi pemberian TPT,Peningkatan pelayanan konseling Upaya Berhenti Merokok (UBM) dan perluasan KTR
30,Kauman,28,7,Peningkatan kapasitas petugas terkait teknik komunikasi kepada pasien dan keluarga,Penyuluhan tingkat kelurahan dan memperbanyak media Komunikasi Informasi Edukasi (KIE) untuk masyarakat tentang pencegahan dan pengobatan TBC,Peningkatan kualitas layanan fasyankes,Optimalisasi pemberian TPT,Pemberdayaan masyarakat sebagai PMO serta kader TBC di lingkungan masyarakat,Penyuluhan tingkat kelurahan tentang 10 indikator PHBS,Peningkatan pelayanan konseling Upaya Berhenti Merokok (UBM) dan perluasan KTR
31,Jagalan,29,15,Peningkatan kapasitas petugas terkait teknik komunikasi kepada pasien dan keluarga,Peningkatan kualitas layanan fasyankes,Penyuluhan tingkat kelurahan tentang 10 indikator PHBS,Penyuluhan tingkat kelurahan dan memperbanyak media Komunikasi Informasi Edukasi (KIE) untuk masyarakat tentang pencegahan dan pengobatan TBC,Pemberdayaan masyarakat sebagai PMO serta kader TBC di lingkungan masyarakat,Optimalisasi pemberian TPT,Peningkatan pelayanan konseling Upaya Berhenti Merokok (UBM) dan perluasan KTR
32,Bangunharjo,28,2,Peningkatan kapasitas petugas terkait teknik komunikasi kepada pasien dan keluarga,Penyuluhan tingkat kelurahan dan memperbanyak media Komunikasi Informasi Edukasi (KIE) untuk masyarakat tentang pencegahan dan pengobatan TBC,Peningkatan kualitas layanan fasyankes,Optimalisasi pemberian TPT,Pemberdayaan masyarakat sebagai PMO serta kader TBC di lingkungan masyarakat,Penyuluhan tingkat kelurahan tentang 10 indikator PHBS,Peningkatan pelayanan konseling Upaya Berhenti Merokok (UBM) dan perluasan KTR
33,Kembangsari,28,7,Peningkatan kapasitas petugas terkait teknik komunikasi kepada pasien dan keluarga,Penyuluhan tingkat kelurahan dan memperbanyak media Komunikasi Informasi Edukasi (KIE) untuk masyarakat tentang pencegahan dan pengobatan TBC,Peningkatan kualitas layanan fasyankes,Optimalisasi pemberian TPT,Pemberdayaan masyarakat sebagai PMO serta kader TBC di lingkungan masyarakat,Penyuluhan tingkat kelurahan tentang 10 indikator PHBS,Peningkatan pelayanan konseling Upaya Berhenti Merokok (UBM) dan perluasan KTR
34,Pandansari,28,4,Undefined,Undefined,Undefined,Undefined,Undefined,Undefined,Undefined
35,Sekayu,28,4,Peningkatan kapasitas petugas terkait teknik komunikasi kepada pasien dan keluarga,Penyuluhan tingkat kelurahan dan memperbanyak media Komunikasi Informasi Edukasi (KIE) untuk masyarakat tentang pencegahan dan pengobatan TBC,Peningkatan kualitas layanan fasyankes,Optimalisasi pemberian TPT,Pemberdayaan masyarakat sebagai PMO serta kader TBC di lingkungan masyarakat,Penyuluhan tingkat kelurahan tentang 10 indikator PHBS,Peningkatan pelayanan konseling Upaya Berhenti Merokok (UBM) dan perluasan KTR
36,Miroto,29,2,Peningkatan kapasitas petugas terkait teknik komunikasi kepada pasien dan keluarga,Penyuluhan tingkat kelurahan dan memperbanyak media Komunikasi Informasi Edukasi (KIE) untuk masyarakat tentang pencegahan dan pengobatan TBC,Peningkatan kualitas layanan fasyankes,Optimalisasi pemberian TPT,Pemberdayaan masyarakat sebagai PMO serta kader TBC di lingkungan masyarakat,Penyuluhan tingkat kelurahan tentang 10 indikator PHBS,Peningkatan pelayanan konseling Upaya Berhenti Merokok (UBM) dan perluasan KTR
37,Brumbungan,29,6,Peningkatan kapasitas petugas terkait teknik komunikasi kepada pasien dan keluarga,Penyuluhan tingkat kelurahan dan memperbanyak media Komunikasi Informasi Edukasi (KIE) untuk masyarakat tentang pencegahan dan pengobatan TBC,Peningkatan kualitas layanan fasyankes,Optimalisasi pemberian TPT,Pemberdayaan masyarakat sebagai PMO serta kader TBC di lingkungan masyarakat,Penyuluhan tingkat kelurahan tentang 10 indikator PHBS,Peningkatan pelayanan konseling Upaya Berhenti Merokok (UBM) dan perluasan KTR
38,Pekunden,29,3,Peningkatan kapasitas petugas terkait teknik komunikasi kepada pasien dan keluarga,Penyuluhan tingkat kelurahan dan memperbanyak media Komunikasi Informasi Edukasi (KIE) untuk masyarakat tentang pencegahan dan pengobatan TBC,Peningkatan kualitas layanan fasyankes,Optimalisasi pemberian TPT,Pemberdayaan masyarakat sebagai PMO serta kader TBC di lingkungan masyarakat,Penyuluhan tingkat kelurahan tentang 10 indikator PHBS,Peningkatan pelayanan konseling Upaya Berhenti Merokok (UBM) dan perluasan KTR
39,Karangkidul,29,7,Peningkatan kapasitas petugas terkait teknik komunikasi kepada pasien dan keluarga,Penyuluhan tingkat kelurahan dan memperbanyak media Komunikasi Informasi Edukasi (KIE) untuk masyarakat tentang pencegahan dan pengobatan TBC,Peningkatan kualitas layanan fasyankes,Optimalisasi pemberian TPT,Pemberdayaan masyarakat sebagai PMO serta kader TBC di lingkungan masyarakat,Penyuluhan tingkat kelurahan tentang 10 indikator PHBS,Peningkatan pelayanan konseling Upaya Berhenti Merokok (UBM) dan perluasan KTR
40,Mlatiharjo,30,10,Peningkatan kapasitas petugas terkait teknik komunikasi kepada pasien dan keluarga,Penyuluhan tingkat kelurahan dan memperbanyak media Komunikasi Informasi Edukasi (KIE) untuk masyarakat tentang pencegahan dan pengobatan TBC,Peningkatan kualitas layanan fasyankes,Optimalisasi pemberian TPT,Pemberdayaan masyarakat sebagai PMO serta kader TBC di lingkungan masyarakat,Penyuluhan tingkat kelurahan tentang 10 indikator PHBS,Peningkatan pelayanan konseling Upaya Berhenti Merokok (UBM) dan perluasan KTR
41,Rejomulyo,32,6,Peningkatan kapasitas petugas terkait teknik komunikasi kepada pasien dan keluarga,Penyuluhan tingkat kelurahan dan memperbanyak media Komunikasi Informasi Edukasi (KIE) untuk masyarakat tentang pencegahan dan pengobatan TBC,Peningkatan kualitas layanan fasyankes,Optimalisasi pemberian TPT,Pemberdayaan masyarakat sebagai PMO serta kader TBC di lingkungan masyarakat,Penyuluhan tingkat kelurahan tentang 10 indikator PHBS,Peningkatan pelayanan konseling Upaya Berhenti Merokok (UBM) dan perluasan KTR
42,Kemijen,32,31,Peningkatan kualitas layanan fasyankes,Peningkatan kapasitas petugas terkait teknik komunikasi kepada pasien dan keluarga,Penyuluhan tingkat kelurahan dan memperbanyak media Komunikasi Informasi Edukasi (KIE) untuk masyarakat tentang pencegahan dan pengobatan TBC,Pemberdayaan masyarakat sebagai PMO serta kader TBC di lingkungan masyarakat,Optimalisasi pemberian TPT,Penyuluhan tingkat kelurahan tentang 10 indikator PHBS,Peningkatan pelayanan konseling Upaya Berhenti Merokok (UBM) dan perluasan KTR
43,Bugangan,30,23,Peningkatan kapasitas petugas terkait manajemen efek samping obat,Peningkatan kualitas layanan fasyankes,Pemberdayaan masyarakat sebagai PMO serta kader TBC di lingkungan masyarakat,Penyuluhan tingkat kelurahan tentang 10 indikator PHBS,Penyuluhan tingkat kelurahan dan memperbanyak media Komunikasi Informasi Edukasi (KIE) untuk masyarakat tentang pencegahan dan pengobatan TBC,Peningkatan pelayanan konseling Upaya Berhenti Merokok (UBM) dan perluasan KTR,Peningkatan kapasitas petugas terkait teknik komunikasi kepada pasien dan keluarga
44,Kebonagung,30,5,Peningkatan kapasitas petugas terkait teknik komunikasi kepada pasien dan keluarga,Penyuluhan tingkat kelurahan dan memperbanyak media Komunikasi Informasi Edukasi (KIE) untuk masyarakat tentang pencegahan dan pengobatan TBC,Peningkatan kualitas layanan fasyankes,Optimalisasi pemberian TPT,Pemberdayaan masyarakat sebagai PMO serta kader TBC di lingkungan masyarakat,Penyuluhan tingkat kelurahan tentang 10 indikator PHBS,Peningkatan pelayanan konseling Upaya Berhenti Merokok (UBM) dan perluasan KTR
45,Sarirejo,31,10,Peningkatan kapasitas petugas terkait teknik komunikasi kepada pasien dan keluarga,Pemberdayaan masyarakat sebagai PMO serta kader TBC di lingkungan masyarakat,Optimalisasi pemberian TPT,Peningkatan kualitas layanan fasyankes,Peningkatan kapasitas petugas terkait manajemen efek samping obat,Penyuluhan tingkat kelurahan tentang 10 indikator PHBS,Peningkatan pelayanan konseling Upaya Berhenti Merokok (UBM) dan perluasan KTR
46,Rejosari,31,16,Peningkatan kualitas layanan fasyankes,Peningkatan kapasitas petugas terkait teknik komunikasi kepada pasien dan keluarga,Penyuluhan tingkat kelurahan dan memperbanyak media Komunikasi Informasi Edukasi (KIE) untuk masyarakat tentang pencegahan dan pengobatan TBC,Pemberdayaan masyarakat sebagai PMO serta kader TBC di lingkungan masyarakat,Optimalisasi pemberian TPT,Penyuluhan tingkat kelurahan tentang 10 indikator PHBS,Peningkatan pelayanan konseling Upaya Berhenti Merokok (UBM) dan perluasan KTR
47,Banjardowo,10,8,Peningkatan kualitas layanan fasyankes,Optimalisasi pemberian TPT,Peningkatan kapasitas petugas terkait teknik komunikasi kepada pasien dan keluarga,Penyuluhan tingkat kelurahan tentang 10 indikator PHBS,Penyuluhan tingkat kelurahan dan memperbanyak media Komunikasi Informasi Edukasi (KIE) untuk masyarakat tentang pencegahan dan pengobatan TBC,Pengendalian faktor risiko lingkungan,Pemberdayaan masyarakat sebagai PMO serta kader TBC di lingkungan masyarakat
48,Sembungharjo,9,20,Peningkatan kualitas layanan fasyankes,Optimalisasi pemberian TPT,Peningkatan kapasitas petugas terkait teknik komunikasi kepada pasien dan keluarga,Penyuluhan tingkat kelurahan tentang 10 indikator PHBS,Penyuluhan tingkat kelurahan dan memperbanyak media Komunikasi Informasi Edukasi (KIE) untuk masyarakat tentang pencegahan dan pengobatan TBC,Pengendalian faktor risiko lingkungan,Pemberdayaan masyarakat sebagai PMO serta kader TBC di lingkungan masyarakat
49,Bangetayu kulon,9,31,Peningkatan kualitas layanan fasyankes,Optimalisasi pemberian TPT,Peningkatan kapasitas petugas terkait teknik komunikasi kepada pasien dan keluarga,Penyuluhan tingkat kelurahan tentang 10 indikator PHBS,Penyuluhan tingkat kelurahan dan memperbanyak media Komunikasi Informasi Edukasi (KIE) untuk masyarakat tentang pencegahan dan pengobatan TBC,Pengendalian faktor risiko lingkungan,Pemberdayaan masyarakat sebagai PMO serta kader TBC di lingkungan masyarakat
50,Bangetayu wetan,9,21,Peningkatan kualitas layanan fasyankes,Peningkatan kapasitas petugas terkait teknik komunikasi kepada pasien dan keluarga,Penyuluhan tingkat kelurahan dan memperbanyak media Komunikasi Informasi Edukasi (KIE) untuk masyarakat tentang pencegahan dan pengobatan TBC,Pemberdayaan masyarakat sebagai PMO serta kader TBC di lingkungan masyarakat,Optimalisasi pemberian TPT,Penyuluhan tingkat kelurahan tentang 10 indikator PHBS,Peningkatan pelayanan konseling Upaya Berhenti Merokok (UBM) dan perluasan KTR
51,Genuksari,10,15,Peningkatan kualitas layanan fasyankes,Peningkatan kapasitas petugas terkait teknik komunikasi kepada pasien dan keluarga,Penyuluhan tingkat kelurahan dan memperbanyak media Komunikasi Informasi Edukasi (KIE) untuk masyarakat tentang pencegahan dan pengobatan TBC,Pemberdayaan masyarakat sebagai PMO serta kader TBC di lingkungan masyarakat,Optimalisasi pemberian TPT,Penyuluhan tingkat kelurahan tentang 10 indikator PHBS,Peningkatan pelayanan konseling Upaya Berhenti Merokok (UBM) dan perluasan KTR
52,Gebangsari,10,5,Peningkatan kapasitas petugas terkait teknik komunikasi kepada pasien dan keluarga,Penyuluhan tingkat kelurahan dan memperbanyak media Komunikasi Informasi Edukasi (KIE) untuk masyarakat tentang pencegahan dan pengobatan TBC,Peningkatan kualitas layanan fasyankes,Optimalisasi pemberian TPT,Pemberdayaan masyarakat sebagai PMO serta kader TBC di lingkungan masyarakat,Penyuluhan tingkat kelurahan tentang 10 indikator PHBS,Peningkatan pelayanan konseling Upaya Berhenti Merokok (UBM) dan perluasan KTR
53,Terboyo wetan,10,3,Undefined,Undefined,Undefined,Undefined,Undefined,Undefined,Undefined
54,Muktiharjo lor,10,1,Peningkatan kapasitas petugas terkait teknik komunikasi kepada pasien dan keluarga,Penyuluhan tingkat kelurahan dan memperbanyak media Komunikasi Informasi Edukasi (KIE) untuk masyarakat tentang pencegahan dan pengobatan TBC,Peningkatan kualitas layanan fasyankes,Optimalisasi pemberian TPT,Pemberdayaan masyarakat sebagai PMO serta kader TBC di lingkungan masyarakat,Penyuluhan tingkat kelurahan tentang 10 indikator PHBS,Peningkatan pelayanan konseling Upaya Berhenti Merokok (UBM) dan perluasan KTR
55,Terboyo Kulon,10,0,Peningkatan kapasitas petugas terkait teknik komunikasi kepada pasien dan keluarga,Penyuluhan tingkat kelurahan dan memperbanyak media Komunikasi Informasi Edukasi (KIE) untuk masyarakat tentang pencegahan dan pengobatan TBC,Peningkatan kualitas layanan fasyankes,Optimalisasi pemberian TPT,Pemberdayaan masyarakat sebagai PMO serta kader TBC di lingkungan masyarakat,Penyuluhan tingkat kelurahan tentang 10 indikator PHBS,Peningkatan pelayanan konseling Upaya Berhenti Merokok (UBM) dan perluasan KTR
56,Trimulyo,10,3,Peningkatan kapasitas petugas terkait teknik komunikasi kepada pasien dan keluarga,Peningkatan kualitas layanan fasyankes,Penyuluhan tingkat kelurahan tentang 10 indikator PHBS,Penyuluhan tingkat kelurahan dan memperbanyak media Komunikasi Informasi Edukasi (KIE) untuk masyarakat tentang pencegahan dan pengobatan TBC,Pemberdayaan masyarakat sebagai PMO serta kader TBC di lingkungan masyarakat,Optimalisasi pemberian TPT,Peningkatan pelayanan konseling Upaya Berhenti Merokok (UBM) dan perluasan KTR
57,Tlogosari wetan,20,17,Peningkatan kapasitas petugas terkait teknik komunikasi kepada pasien dan keluarga,Penyuluhan tingkat kelurahan dan memperbanyak media Komunikasi Informasi Edukasi (KIE) untuk masyarakat tentang pencegahan dan pengobatan TBC,Peningkatan kualitas layanan fasyankes,Optimalisasi pemberian TPT,Pemberdayaan masyarakat sebagai PMO serta kader TBC di lingkungan masyarakat,Penyuluhan tingkat kelurahan tentang 10 indikator PHBS,Peningkatan pelayanan konseling Upaya Berhenti Merokok (UBM) dan perluasan KTR
58,Pedurungan tengah,20,19,Undefined,Undefined,Undefined,Undefined,Undefined,Undefined,Undefined
59,Tlogosari kulon,19,58,Peningkatan kapasitas petugas terkait manajemen efek samping obat,Peningkatan kualitas layanan fasyankes,Pemberdayaan masyarakat sebagai PMO serta kader TBC di lingkungan masyarakat,Penyuluhan tingkat kelurahan tentang 10 indikator PHBS,Penyuluhan tingkat kelurahan dan memperbanyak media Komunikasi Informasi Edukasi (KIE) untuk masyarakat tentang pencegahan dan pengobatan TBC,Peningkatan pelayanan konseling Upaya Berhenti Merokok (UBM) dan perluasan KTR,Peningkatan kapasitas petugas terkait teknik komunikasi kepada pasien dan keluarga
60,Palebon,20,15,Peningkatan kualitas layanan fasyankes,Peningkatan kapasitas petugas terkait teknik komunikasi kepada pasien dan keluarga,Penyuluhan tingkat kelurahan dan memperbanyak media Komunikasi Informasi Edukasi (KIE) untuk masyarakat tentang pencegahan dan pengobatan TBC,Pemberdayaan masyarakat sebagai PMO serta kader TBC di lingkungan masyarakat,Optimalisasi pemberian TPT,Penyuluhan tingkat kelurahan tentang 10 indikator PHBS,Peningkatan pelayanan konseling Upaya Berhenti Merokok (UBM) dan perluasan KTR
61,Gemah,19,23,Peningkatan kapasitas petugas terkait teknik komunikasi kepada pasien dan keluarga,Peningkatan kualitas layanan fasyankes,Penyuluhan tingkat kelurahan tentang 10 indikator PHBS,Penyuluhan tingkat kelurahan dan memperbanyak media Komunikasi Informasi Edukasi (KIE) untuk masyarakat tentang pencegahan dan pengobatan TBC,Pemberdayaan masyarakat sebagai PMO serta kader TBC di lingkungan masyarakat,Optimalisasi pemberian TPT,Peningkatan pelayanan konseling Upaya Berhenti Merokok (UBM) dan perluasan KTR
62,Kalicari,19,17,Peningkatan kapasitas petugas terkait teknik komunikasi kepada pasien dan keluarga,Penyuluhan tingkat kelurahan dan memperbanyak media Komunikasi Informasi Edukasi (KIE) untuk masyarakat tentang pencegahan dan pengobatan TBC,Peningkatan kualitas layanan fasyankes,Optimalisasi pemberian TPT,Pemberdayaan masyarakat sebagai PMO serta kader TBC di lingkungan masyarakat,Penyuluhan tingkat kelurahan tentang 10 indikator PHBS,Peningkatan pelayanan konseling Upaya Berhenti Merokok (UBM) dan perluasan KTR
63,Tlogomulyo,20,25,Peningkatan kapasitas petugas terkait teknik komunikasi kepada pasien dan keluarga,Peningkatan kualitas layanan fasyankes,Penyuluhan tingkat kelurahan tentang 10 indikator PHBS,Penyuluhan tingkat kelurahan dan memperbanyak media Komunikasi Informasi Edukasi (KIE) untuk masyarakat tentang pencegahan dan pengobatan TBC,Pemberdayaan masyarakat sebagai PMO serta kader TBC di lingkungan masyarakat,Optimalisasi pemberian TPT,Peningkatan pelayanan konseling Upaya Berhenti Merokok (UBM) dan perluasan KTR
64,Pedurungan lor,20,9,Peningkatan kapasitas petugas terkait teknik komunikasi kepada pasien dan keluarga,Penyuluhan tingkat kelurahan dan memperbanyak media Komunikasi Informasi Edukasi (KIE) untuk masyarakat tentang pencegahan dan pengobatan TBC,Peningkatan kualitas layanan fasyankes,Optimalisasi pemberian TPT,Pemberdayaan masyarakat sebagai PMO serta kader TBC di lingkungan masyarakat,Penyuluhan tingkat kelurahan tentang 10 indikator PHBS,Peningkatan pelayanan konseling Upaya Berhenti Merokok (UBM) dan perluasan KTR
65,Pedurungan kidul,20,19,Peningkatan kapasitas petugas terkait teknik komunikasi kepada pasien dan keluarga,Penyuluhan tingkat kelurahan dan memperbanyak media Komunikasi Informasi Edukasi (KIE) untuk masyarakat tentang pencegahan dan pengobatan TBC,Peningkatan kualitas layanan fasyankes,Optimalisasi pemberian TPT,Pemberdayaan masyarakat sebagai PMO serta kader TBC di lingkungan masyarakat,Penyuluhan tingkat kelurahan tentang 10 indikator PHBS,Peningkatan pelayanan konseling Upaya Berhenti Merokok (UBM) dan perluasan KTR
66,Penggaron kidul,20,8,Peningkatan kapasitas petugas terkait teknik komunikasi kepada pasien dan keluarga,Penyuluhan tingkat kelurahan dan memperbanyak media Komunikasi Informasi Edukasi (KIE) untuk masyarakat tentang pencegahan dan pengobatan TBC,Peningkatan kualitas layanan fasyankes,Optimalisasi pemberian TPT,Pemberdayaan masyarakat sebagai PMO serta kader TBC di lingkungan masyarakat,Penyuluhan tingkat kelurahan tentang 10 indikator PHBS,Peningkatan pelayanan konseling Upaya Berhenti Merokok (UBM) dan perluasan KTR
67,Gajahmungkur,7,26,Peningkatan kualitas layanan fasyankes,Optimalisasi pemberian TPT,Peningkatan kapasitas petugas terkait teknik komunikasi kepada pasien dan keluarga,Penyuluhan tingkat kelurahan tentang 10 indikator PHBS,Penyuluhan tingkat kelurahan dan memperbanyak media Komunikasi Informasi Edukasi (KIE) untuk masyarakat tentang pencegahan dan pengobatan TBC,Pengendalian faktor risiko lingkungan,Pemberdayaan masyarakat sebagai PMO serta kader TBC di lingkungan masyarakat
68,Bendan ngisor,7,5,Peningkatan kapasitas petugas terkait teknik komunikasi kepada pasien dan keluarga,Pemberdayaan masyarakat sebagai PMO serta kader TBC di lingkungan masyarakat,Optimalisasi pemberian TPT,Peningkatan kualitas layanan fasyankes,Peningkatan kapasitas petugas terkait manajemen efek samping obat,Penyuluhan tingkat kelurahan tentang 10 indikator PHBS,Peningkatan pelayanan konseling Upaya Berhenti Merokok (UBM) dan perluasan KTR
69,Bendan duwur,7,9,Peningkatan kapasitas petugas terkait teknik komunikasi kepada pasien dan keluarga,Penyuluhan tingkat kelurahan dan memperbanyak media Komunikasi Informasi Edukasi (KIE) untuk masyarakat tentang pencegahan dan pengobatan TBC,Peningkatan kualitas layanan fasyankes,Optimalisasi pemberian TPT,Pemberdayaan masyarakat sebagai PMO serta kader TBC di lingkungan masyarakat,Penyuluhan tingkat kelurahan tentang 10 indikator PHBS,Peningkatan pelayanan konseling Upaya Berhenti Merokok (UBM) dan perluasan KTR
70,Bendungan,7,8,Peningkatan kapasitas petugas terkait teknik komunikasi kepada pasien dan keluarga,Penyuluhan tingkat kelurahan dan memperbanyak media Komunikasi Informasi Edukasi (KIE) untuk masyarakat tentang pencegahan dan pengobatan TBC,Peningkatan kualitas layanan fasyankes,Optimalisasi pemberian TPT,Pemberdayaan masyarakat sebagai PMO serta kader TBC di lingkungan masyarakat,Penyuluhan tingkat kelurahan tentang 10 indikator PHBS,Peningkatan pelayanan konseling Upaya Berhenti Merokok (UBM) dan perluasan KTR
71,Petompon,7,7,Undefined,Undefined,Undefined,Undefined,Undefined,Undefined,Undefined
72,Sampangan,7,12,Peningkatan kapasitas petugas terkait teknik komunikasi kepada pasien dan keluarga,Peningkatan kualitas layanan fasyankes,Penyuluhan tingkat kelurahan tentang 10 indikator PHBS,Penyuluhan tingkat kelurahan dan memperbanyak media Komunikasi Informasi Edukasi (KIE) untuk masyarakat tentang pencegahan dan pengobatan TBC,Pemberdayaan masyarakat sebagai PMO serta kader TBC di lingkungan masyarakat,Optimalisasi pemberian TPT,Peningkatan pelayanan konseling Upaya Berhenti Merokok (UBM) dan perluasan KTR
73,Karanganyar gunung,6,13,Peningkatan kapasitas petugas terkait teknik komunikasi kepada pasien dan keluarga,Pemberdayaan masyarakat sebagai PMO serta kader TBC di lingkungan masyarakat,Optimalisasi pemberian TPT,Peningkatan kualitas layanan fasyankes,Peningkatan kapasitas petugas terkait manajemen efek samping obat,Penyuluhan tingkat kelurahan tentang 10 indikator PHBS,Peningkatan pelayanan konseling Upaya Berhenti Merokok (UBM) dan perluasan KTR
74,Sendangmulyo,35,43,Peningkatan kapasitas petugas terkait manajemen efek samping obat,Peningkatan kualitas layanan fasyankes,Pemberdayaan masyarakat sebagai PMO serta kader TBC di lingkungan masyarakat,Penyuluhan tingkat kelurahan tentang 10 indikator PHBS,Penyuluhan tingkat kelurahan dan memperbanyak media Komunikasi Informasi Edukasi (KIE) untuk masyarakat tentang pencegahan dan pengobatan TBC,Peningkatan pelayanan konseling Upaya Berhenti Merokok (UBM) dan perluasan KTR,Peningkatan kapasitas petugas terkait teknik komunikasi kepada pasien dan keluarga
75,Sambiroto,35,22,Peningkatan kualitas layanan fasyankes,Peningkatan kapasitas petugas terkait teknik komunikasi kepada pasien dan keluarga,Penyuluhan tingkat kelurahan dan memperbanyak media Komunikasi Informasi Edukasi (KIE) untuk masyarakat tentang pencegahan dan pengobatan TBC,Pemberdayaan masyarakat sebagai PMO serta kader TBC di lingkungan masyarakat,Optimalisasi pemberian TPT,Penyuluhan tingkat kelurahan tentang 10 indikator PHBS,Peningkatan pelayanan konseling Upaya Berhenti Merokok (UBM) dan perluasan KTR
76,Tembalang,34,11,Peningkatan kapasitas petugas terkait teknik komunikasi kepada pasien dan keluarga,Penyuluhan tingkat kelurahan dan memperbanyak media Komunikasi Informasi Edukasi (KIE) untuk masyarakat tentang pencegahan dan pengobatan TBC,Peningkatan kualitas layanan fasyankes,Optimalisasi pemberian TPT,Pemberdayaan masyarakat sebagai PMO serta kader TBC di lingkungan masyarakat,Penyuluhan tingkat kelurahan tentang 10 indikator PHBS,Peningkatan pelayanan konseling Upaya Berhenti Merokok (UBM) dan perluasan KTR
77,Mangunharjo,35,10,Peningkatan kapasitas petugas terkait teknik komunikasi kepada pasien dan keluarga,Penyuluhan tingkat kelurahan dan memperbanyak media Komunikasi Informasi Edukasi (KIE) untuk masyarakat tentang pencegahan dan pengobatan TBC,Peningkatan kualitas layanan fasyankes,Optimalisasi pemberian TPT,Pemberdayaan masyarakat sebagai PMO serta kader TBC di lingkungan masyarakat,Penyuluhan tingkat kelurahan tentang 10 indikator PHBS,Peningkatan pelayanan konseling Upaya Berhenti Merokok (UBM) dan perluasan KTR
78,Meteseh,34,12,Peningkatan kapasitas petugas terkait manajemen efek samping obat,Peningkatan kualitas layanan fasyankes,Pemberdayaan masyarakat sebagai PMO serta kader TBC di lingkungan masyarakat,Penyuluhan tingkat kelurahan tentang 10 indikator PHBS,Penyuluhan tingkat kelurahan dan memperbanyak media Komunikasi Informasi Edukasi (KIE) untuk masyarakat tentang pencegahan dan pengobatan TBC,Peningkatan pelayanan konseling Upaya Berhenti Merokok (UBM) dan perluasan KTR,Peningkatan kapasitas petugas terkait teknik komunikasi kepada pasien dan keluarga
79,Bulusan,34,8,Peningkatan kapasitas petugas terkait teknik komunikasi kepada pasien dan keluarga,Penyuluhan tingkat kelurahan dan memperbanyak media Komunikasi Informasi Edukasi (KIE) untuk masyarakat tentang pencegahan dan pengobatan TBC,Peningkatan kualitas layanan fasyankes,Optimalisasi pemberian TPT,Pemberdayaan masyarakat sebagai PMO serta kader TBC di lingkungan masyarakat,Penyuluhan tingkat kelurahan tentang 10 indikator PHBS,Peningkatan pelayanan konseling Upaya Berhenti Merokok (UBM) dan perluasan KTR
80,Sumurboto,4,11,Peningkatan kapasitas petugas terkait teknik komunikasi kepada pasien dan keluarga,Penyuluhan tingkat kelurahan dan memperbanyak media Komunikasi Informasi Edukasi (KIE) untuk masyarakat tentang pencegahan dan pengobatan TBC,Peningkatan kualitas layanan fasyankes,Optimalisasi pemberian TPT,Pemberdayaan masyarakat sebagai PMO serta kader TBC di lingkungan masyarakat,Penyuluhan tingkat kelurahan tentang 10 indikator PHBS,Peningkatan pelayanan konseling Upaya Berhenti Merokok (UBM) dan perluasan KTR
81,Srondol kulon,1,6,Peningkatan kapasitas petugas terkait teknik komunikasi kepada pasien dan keluarga,Peningkatan kualitas layanan fasyankes,Penyuluhan tingkat kelurahan tentang 10 indikator PHBS,Penyuluhan tingkat kelurahan dan memperbanyak media Komunikasi Informasi Edukasi (KIE) untuk masyarakat tentang pencegahan dan pengobatan TBC,Pemberdayaan masyarakat sebagai PMO serta kader TBC di lingkungan masyarakat,Optimalisasi pemberian TPT,Peningkatan pelayanan konseling Upaya Berhenti Merokok (UBM) dan perluasan KTR
82,Srondol wetan,1,20,Peningkatan kualitas layanan fasyankes,Peningkatan kapasitas petugas terkait teknik komunikasi kepada pasien dan keluarga,Penyuluhan tingkat kelurahan dan memperbanyak media Komunikasi Informasi Edukasi (KIE) untuk masyarakat tentang pencegahan dan pengobatan TBC,Pemberdayaan masyarakat sebagai PMO serta kader TBC di lingkungan masyarakat,Optimalisasi pemberian TPT,Penyuluhan tingkat kelurahan tentang 10 indikator PHBS,Peningkatan pelayanan konseling Upaya Berhenti Merokok (UBM) dan perluasan KTR
83,Pedalangan,3,14,Peningkatan kapasitas petugas terkait teknik komunikasi kepada pasien dan keluarga,Peningkatan kualitas layanan fasyankes,Penyuluhan tingkat kelurahan tentang 10 indikator PHBS,Penyuluhan tingkat kelurahan dan memperbanyak media Komunikasi Informasi Edukasi (KIE) untuk masyarakat tentang pencegahan dan pengobatan TBC,Pemberdayaan masyarakat sebagai PMO serta kader TBC di lingkungan masyarakat,Optimalisasi pemberian TPT,Peningkatan pelayanan konseling Upaya Berhenti Merokok (UBM) dan perluasan KTR
84,Banyumanik,1,14,Peningkatan kapasitas petugas terkait teknik komunikasi kepada pasien dan keluarga,Penyuluhan tingkat kelurahan dan memperbanyak media Komunikasi Informasi Edukasi (KIE) untuk masyarakat tentang pencegahan dan pengobatan TBC,Peningkatan kualitas layanan fasyankes,Optimalisasi pemberian TPT,Pemberdayaan masyarakat sebagai PMO serta kader TBC di lingkungan masyarakat,Penyuluhan tingkat kelurahan tentang 10 indikator PHBS,Peningkatan pelayanan konseling Upaya Berhenti Merokok (UBM) dan perluasan KTR
85,Padangsari,3,12,Peningkatan kapasitas petugas terkait teknik komunikasi kepada pasien dan keluarga,Penyuluhan tingkat kelurahan dan memperbanyak media Komunikasi Informasi Edukasi (KIE) untuk masyarakat tentang pencegahan dan pengobatan TBC,Peningkatan kualitas layanan fasyankes,Optimalisasi pemberian TPT,Pemberdayaan masyarakat sebagai PMO serta kader TBC di lingkungan masyarakat,Penyuluhan tingkat kelurahan tentang 10 indikator PHBS,Peningkatan pelayanan konseling Upaya Berhenti Merokok (UBM) dan perluasan KTR
86,Gedawang,2,5,Peningkatan kapasitas petugas terkait teknik komunikasi kepada pasien dan keluarga,Peningkatan kualitas layanan fasyankes,Penyuluhan tingkat kelurahan tentang 10 indikator PHBS,Penyuluhan tingkat kelurahan dan memperbanyak media Komunikasi Informasi Edukasi (KIE) untuk masyarakat tentang pencegahan dan pengobatan TBC,Pemberdayaan masyarakat sebagai PMO serta kader TBC di lingkungan masyarakat,Optimalisasi pemberian TPT,Peningkatan pelayanan konseling Upaya Berhenti Merokok (UBM) dan perluasan KTR
87,Pungangan,11,9,Peningkatan kapasitas petugas terkait teknik komunikasi kepada pasien dan keluarga,Peningkatan kualitas layanan fasyankes,Penyuluhan tingkat kelurahan tentang 10 indikator PHBS,Penyuluhan tingkat kelurahan dan memperbanyak media Komunikasi Informasi Edukasi (KIE) untuk masyarakat tentang pencegahan dan pengobatan TBC,Pemberdayaan masyarakat sebagai PMO serta kader TBC di lingkungan masyarakat,Optimalisasi pemberian TPT,Peningkatan pelayanan konseling Upaya Berhenti Merokok (UBM) dan perluasan KTR
88,Kandri,11,4,Peningkatan kapasitas petugas terkait teknik komunikasi kepada pasien dan keluarga,Penyuluhan tingkat kelurahan dan memperbanyak media Komunikasi Informasi Edukasi (KIE) untuk masyarakat tentang pencegahan dan pengobatan TBC,Peningkatan kualitas layanan fasyankes,Optimalisasi pemberian TPT,Pemberdayaan masyarakat sebagai PMO serta kader TBC di lingkungan masyarakat,Penyuluhan tingkat kelurahan tentang 10 indikator PHBS,Peningkatan pelayanan konseling Upaya Berhenti Merokok (UBM) dan perluasan KTR
89,Kalisegoro,12,4,Undefined,Undefined,Undefined,Undefined,Undefined,Undefined,Undefined
90,Ngijo,12,1,Peningkatan kapasitas petugas terkait teknik komunikasi kepada pasien dan keluarga,Penyuluhan tingkat kelurahan dan memperbanyak media Komunikasi Informasi Edukasi (KIE) untuk masyarakat tentang pencegahan dan pengobatan TBC,Peningkatan kualitas layanan fasyankes,Optimalisasi pemberian TPT,Pemberdayaan masyarakat sebagai PMO serta kader TBC di lingkungan masyarakat,Penyuluhan tingkat kelurahan tentang 10 indikator PHBS,Peningkatan pelayanan konseling Upaya Berhenti Merokok (UBM) dan perluasan KTR
91,Cepoko,11,2,Peningkatan kapasitas petugas terkait teknik komunikasi kepada pasien dan keluarga,Penyuluhan tingkat kelurahan dan memperbanyak media Komunikasi Informasi Edukasi (KIE) untuk masyarakat tentang pencegahan dan pengobatan TBC,Peningkatan kualitas layanan fasyankes,Optimalisasi pemberian TPT,Pemberdayaan masyarakat sebagai PMO serta kader TBC di lingkungan masyarakat,Penyuluhan tingkat kelurahan tentang 10 indikator PHBS,Peningkatan pelayanan konseling Upaya Berhenti Merokok (UBM) dan perluasan KTR
92,Nongkosawit,11,9,Peningkatan kapasitas petugas terkait teknik komunikasi kepada pasien dan keluarga,Penyuluhan tingkat kelurahan dan memperbanyak media Komunikasi Informasi Edukasi (KIE) untuk masyarakat tentang pencegahan dan pengobatan TBC,Peningkatan kualitas layanan fasyankes,Optimalisasi pemberian TPT,Pemberdayaan masyarakat sebagai PMO serta kader TBC di lingkungan masyarakat,Penyuluhan tingkat kelurahan tentang 10 indikator PHBS,Peningkatan pelayanan konseling Upaya Berhenti Merokok (UBM) dan perluasan KTR
93,Gunungpati,11,9,Peningkatan kapasitas petugas terkait teknik komunikasi kepada pasien dan keluarga,Peningkatan kualitas layanan fasyankes,Penyuluhan tingkat kelurahan tentang 10 indikator PHBS,Penyuluhan tingkat kelurahan dan memperbanyak media Komunikasi Informasi Edukasi (KIE) untuk masyarakat tentang pencegahan dan pengobatan TBC,Pemberdayaan masyarakat sebagai PMO serta kader TBC di lingkungan masyarakat,Optimalisasi pemberian TPT,Peningkatan pelayanan konseling Upaya Berhenti Merokok (UBM) dan perluasan KTR
94,Plalangan,11,2,Peningkatan kapasitas petugas terkait teknik komunikasi kepada pasien dan keluarga,Penyuluhan tingkat kelurahan dan memperbanyak media Komunikasi Informasi Edukasi (KIE) untuk masyarakat tentang pencegahan dan pengobatan TBC,Peningkatan kualitas layanan fasyankes,Optimalisasi pemberian TPT,Pemberdayaan masyarakat sebagai PMO serta kader TBC di lingkungan masyarakat,Penyuluhan tingkat kelurahan tentang 10 indikator PHBS,Peningkatan pelayanan konseling Upaya Berhenti Merokok (UBM) dan perluasan KTR
95,Sekaran,12,4,Peningkatan kapasitas petugas terkait teknik komunikasi kepada pasien dan keluarga,Pemberdayaan masyarakat sebagai PMO serta kader TBC di lingkungan masyarakat,Optimalisasi pemberian TPT,Peningkatan kualitas layanan fasyankes,Peningkatan kapasitas petugas terkait manajemen efek samping obat,Penyuluhan tingkat kelurahan tentang 10 indikator PHBS,Peningkatan pelayanan konseling Upaya Berhenti Merokok (UBM) dan perluasan KTR
96,Sadeng,11,11,Peningkatan kapasitas petugas terkait teknik komunikasi kepada pasien dan keluarga,Peningkatan kualitas layanan fasyankes,Penyuluhan tingkat kelurahan tentang 10 indikator PHBS,Penyuluhan tingkat kelurahan dan memperbanyak media Komunikasi Informasi Edukasi (KIE) untuk masyarakat tentang pencegahan dan pengobatan TBC,Pemberdayaan masyarakat sebagai PMO serta kader TBC di lingkungan masyarakat,Optimalisasi pemberian TPT,Peningkatan pelayanan konseling Upaya Berhenti Merokok (UBM) dan perluasan KTR
97,Patemon,12,3,Peningkatan kapasitas petugas terkait teknik komunikasi kepada pasien dan keluarga,Penyuluhan tingkat kelurahan dan memperbanyak media Komunikasi Informasi Edukasi (KIE) untuk masyarakat tentang pencegahan dan pengobatan TBC,Peningkatan kualitas layanan fasyankes,Optimalisasi pemberian TPT,Pemberdayaan masyarakat sebagai PMO serta kader TBC di lingkungan masyarakat,Penyuluhan tingkat kelurahan tentang 10 indikator PHBS,Peningkatan pelayanan konseling Upaya Berhenti Merokok (UBM) dan perluasan KTR
98,Mangunsari,11,1,Peningkatan kapasitas petugas terkait teknik komunikasi kepada pasien dan keluarga,Penyuluhan tingkat kelurahan dan memperbanyak media Komunikasi Informasi Edukasi (KIE) untuk masyarakat tentang pencegahan dan pengobatan TBC,Peningkatan kualitas layanan fasyankes,Optimalisasi pemberian TPT,Pemberdayaan masyarakat sebagai PMO serta kader TBC di lingkungan masyarakat,Penyuluhan tingkat kelurahan tentang 10 indikator PHBS,Peningkatan pelayanan konseling Upaya Berhenti Merokok (UBM) dan perluasan KTR
99,Pakintelan,11,3,Undefined,Undefined,Undefined,Undefined,Undefined,Undefined,Undefined
100,Wonoplumbon,14,0,Peningkatan kapasitas petugas terkait teknik komunikasi kepada pasien dan keluarga,Peningkatan kualitas layanan fasyankes,Penyuluhan tingkat kelurahan tentang 10 indikator PHBS,Penyuluhan tingkat kelurahan dan memperbanyak media Komunikasi Informasi Edukasi (KIE) untuk masyarakat tentang pencegahan dan pengobatan TBC,Pemberdayaan masyarakat sebagai PMO serta kader TBC di lingkungan masyarakat,Optimalisasi pemberian TPT,Peningkatan pelayanan konseling Upaya Berhenti Merokok (UBM) dan perluasan KTR
101,Wonolopo,14,4,Peningkatan kualitas layanan fasyankes,Peningkatan kapasitas petugas terkait teknik komunikasi kepada pasien dan keluarga,Penyuluhan tingkat kelurahan dan memperbanyak media Komunikasi Informasi Edukasi (KIE) untuk masyarakat tentang pencegahan dan pengobatan TBC,Pemberdayaan masyarakat sebagai PMO serta kader TBC di lingkungan masyarakat,Optimalisasi pemberian TPT,Penyuluhan tingkat kelurahan tentang 10 indikator PHBS,Peningkatan pelayanan konseling Upaya Berhenti Merokok (UBM) dan perluasan KTR
102,Ngadirgo,14,7,Peningkatan kapasitas petugas terkait teknik komunikasi kepada pasien dan keluarga,Peningkatan kualitas layanan fasyankes,Penyuluhan tingkat kelurahan tentang 10 indikator PHBS,Penyuluhan tingkat kelurahan dan memperbanyak media Komunikasi Informasi Edukasi (KIE) untuk masyarakat tentang pencegahan dan pengobatan TBC,Pemberdayaan masyarakat sebagai PMO serta kader TBC di lingkungan masyarakat,Optimalisasi pemberian TPT,Peningkatan pelayanan konseling Upaya Berhenti Merokok (UBM) dan perluasan KTR
103,Mijen,14,5,Peningkatan kapasitas petugas terkait teknik komunikasi kepada pasien dan keluarga,Penyuluhan tingkat kelurahan dan memperbanyak media Komunikasi Informasi Edukasi (KIE) untuk masyarakat tentang pencegahan dan pengobatan TBC,Peningkatan kualitas layanan fasyankes,Optimalisasi pemberian TPT,Pemberdayaan masyarakat sebagai PMO serta kader TBC di lingkungan masyarakat,Penyuluhan tingkat kelurahan tentang 10 indikator PHBS,Peningkatan pelayanan konseling Upaya Berhenti Merokok (UBM) dan perluasan KTR
104,Purwosari,13,8,Peningkatan kapasitas petugas terkait teknik komunikasi kepada pasien dan keluarga,Pemberdayaan masyarakat sebagai PMO serta kader TBC di lingkungan masyarakat,Optimalisasi pemberian TPT,Peningkatan kualitas layanan fasyankes,Peningkatan kapasitas petugas terkait manajemen efek samping obat,Penyuluhan tingkat kelurahan tentang 10 indikator PHBS,Peningkatan pelayanan konseling Upaya Berhenti Merokok (UBM) dan perluasan KTR
105,Jatibarang,14,2,Undefined,Undefined,Undefined,Undefined,Undefined,Undefined,Undefined
106,Pesantren,14,1,Undefined,Undefined,Undefined,Undefined,Undefined,Undefined,Undefined
107,Jatisari,14,9,Peningkatan kapasitas petugas terkait teknik komunikasi kepada pasien dan keluarga,Peningkatan kualitas layanan fasyankes,Penyuluhan tingkat kelurahan tentang 10 indikator PHBS,Penyuluhan tingkat kelurahan dan memperbanyak media Komunikasi Informasi Edukasi (KIE) untuk masyarakat tentang pencegahan dan pengobatan TBC,Pemberdayaan masyarakat sebagai PMO serta kader TBC di lingkungan masyarakat,Optimalisasi pemberian TPT,Peningkatan pelayanan konseling Upaya Berhenti Merokok (UBM) dan perluasan KTR
108,Tambangan,14,1,Peningkatan kapasitas petugas terkait teknik komunikasi kepada pasien dan keluarga,Peningkatan kualitas layanan fasyankes,Penyuluhan tingkat kelurahan tentang 10 indikator PHBS,Penyuluhan tingkat kelurahan dan memperbanyak media Komunikasi Informasi Edukasi (KIE) untuk masyarakat tentang pencegahan dan pengobatan TBC,Pemberdayaan masyarakat sebagai PMO serta kader TBC di lingkungan masyarakat,Optimalisasi pemberian TPT,Peningkatan pelayanan konseling Upaya Berhenti Merokok (UBM) dan perluasan KTR
109,Cangkiran,14,1,Peningkatan kapasitas petugas terkait teknik komunikasi kepada pasien dan keluarga,Penyuluhan tingkat kelurahan dan memperbanyak media Komunikasi Informasi Edukasi (KIE) untuk masyarakat tentang pencegahan dan pengobatan TBC,Peningkatan kualitas layanan fasyankes,Optimalisasi pemberian TPT,Pemberdayaan masyarakat sebagai PMO serta kader TBC di lingkungan masyarakat,Penyuluhan tingkat kelurahan tentang 10 indikator PHBS,Peningkatan pelayanan konseling Upaya Berhenti Merokok (UBM) dan perluasan KTR
110,Bubakan,13,2,Peningkatan kapasitas petugas terkait teknik komunikasi kepada pasien dan keluarga,Peningkatan kualitas layanan fasyankes,Penyuluhan tingkat kelurahan tentang 10 indikator PHBS,Penyuluhan tingkat kelurahan dan memperbanyak media Komunikasi Informasi Edukasi (KIE) untuk masyarakat tentang pencegahan dan pengobatan TBC,Pemberdayaan masyarakat sebagai PMO serta kader TBC di lingkungan masyarakat,Optimalisasi pemberian TPT,Peningkatan pelayanan konseling Upaya Berhenti Merokok (UBM) dan perluasan KTR
111,Polaman,13,6,Peningkatan kapasitas petugas terkait teknik komunikasi kepada pasien dan keluarga,Penyuluhan tingkat kelurahan dan memperbanyak media Komunikasi Informasi Edukasi (KIE) untuk masyarakat tentang pencegahan dan pengobatan TBC,Peningkatan kualitas layanan fasyankes,Optimalisasi pemberian TPT,Pemberdayaan masyarakat sebagai PMO serta kader TBC di lingkungan masyarakat,Penyuluhan tingkat kelurahan tentang 10 indikator PHBS,Peningkatan pelayanan konseling Upaya Berhenti Merokok (UBM) dan perluasan KTR
112,Gondoriyo,16,6,Peningkatan kapasitas petugas terkait teknik komunikasi kepada pasien dan keluarga,Peningkatan kualitas layanan fasyankes,Penyuluhan tingkat kelurahan tentang 10 indikator PHBS,Penyuluhan tingkat kelurahan dan memperbanyak media Komunikasi Informasi Edukasi (KIE) untuk masyarakat tentang pencegahan dan pengobatan TBC,Pemberdayaan masyarakat sebagai PMO serta kader TBC di lingkungan masyarakat,Optimalisasi pemberian TPT,Peningkatan pelayanan konseling Upaya Berhenti Merokok (UBM) dan perluasan KTR
113,Podorejo,16,5,Peningkatan kapasitas petugas terkait teknik komunikasi kepada pasien dan keluarga,Peningkatan kualitas layanan fasyankes,Penyuluhan tingkat kelurahan tentang 10 indikator PHBS,Penyuluhan tingkat kelurahan dan memperbanyak media Komunikasi Informasi Edukasi (KIE) untuk masyarakat tentang pencegahan dan pengobatan TBC,Pemberdayaan masyarakat sebagai PMO serta kader TBC di lingkungan masyarakat,Optimalisasi pemberian TPT,Peningkatan pelayanan konseling Upaya Berhenti Merokok (UBM) dan perluasan KTR
114,Wates,16,7,Peningkatan kapasitas petugas terkait teknik komunikasi kepada pasien dan keluarga,Penyuluhan tingkat kelurahan dan memperbanyak media Komunikasi Informasi Edukasi (KIE) untuk masyarakat tentang pencegahan dan pengobatan TBC,Peningkatan kualitas layanan fasyankes,Optimalisasi pemberian TPT,Pemberdayaan masyarakat sebagai PMO serta kader TBC di lingkungan masyarakat,Penyuluhan tingkat kelurahan tentang 10 indikator PHBS,Peningkatan pelayanan konseling Upaya Berhenti Merokok (UBM) dan perluasan KTR
115,Tambakaji,18,28,Peningkatan kapasitas petugas terkait manajemen efek samping obat,Peningkatan kualitas layanan fasyankes,Pemberdayaan masyarakat sebagai PMO serta kader TBC di lingkungan masyarakat,Penyuluhan tingkat kelurahan tentang 10 indikator PHBS,Penyuluhan tingkat kelurahan dan memperbanyak media Komunikasi Informasi Edukasi (KIE) untuk masyarakat tentang pencegahan dan pengobatan TBC,Peningkatan pelayanan konseling Upaya Berhenti Merokok (UBM) dan perluasan KTR,Peningkatan kapasitas petugas terkait teknik komunikasi kepada pasien dan keluarga
116,Bringin,16,9,Peningkatan kapasitas petugas terkait manajemen efek samping obat,Peningkatan kualitas layanan fasyankes,Pemberdayaan masyarakat sebagai PMO serta kader TBC di lingkungan masyarakat,Penyuluhan tingkat kelurahan tentang 10 indikator PHBS,Penyuluhan tingkat kelurahan dan memperbanyak media Komunikasi Informasi Edukasi (KIE) untuk masyarakat tentang pencegahan dan pengobatan TBC,Peningkatan pelayanan konseling Upaya Berhenti Merokok (UBM) dan perluasan KTR,Peningkatan kapasitas petugas terkait teknik komunikasi kepada pasien dan keluarga
117,Ngaliyan,16,27,Peningkatan kualitas layanan fasyankes,Peningkatan kapasitas petugas terkait teknik komunikasi kepada pasien dan keluarga,Penyuluhan tingkat kelurahan dan memperbanyak media Komunikasi Informasi Edukasi (KIE) untuk masyarakat tentang pencegahan dan pengobatan TBC,Pemberdayaan masyarakat sebagai PMO serta kader TBC di lingkungan masyarakat,Optimalisasi pemberian TPT,Penyuluhan tingkat kelurahan tentang 10 indikator PHBS,Peningkatan pelayanan konseling Upaya Berhenti Merokok (UBM) dan perluasan KTR
118,Sambirejo,8,3,Peningkatan kapasitas petugas terkait teknik komunikasi kepada pasien dan keluarga,Penyuluhan tingkat kelurahan dan memperbanyak media Komunikasi Informasi Edukasi (KIE) untuk masyarakat tentang pencegahan dan pengobatan TBC,Peningkatan kualitas layanan fasyankes,Optimalisasi pemberian TPT,Pemberdayaan masyarakat sebagai PMO serta kader TBC di lingkungan masyarakat,Penyuluhan tingkat kelurahan tentang 10 indikator PHBS,Peningkatan pelayanan konseling Upaya Berhenti Merokok (UBM) dan perluasan KTR
119,Tandang,35,19,Peningkatan kualitas layanan fasyankes,Peningkatan kapasitas petugas terkait teknik komunikasi kepada pasien dan keluarga,Penyuluhan tingkat kelurahan dan memperbanyak media Komunikasi Informasi Edukasi (KIE) untuk masyarakat tentang pencegahan dan pengobatan TBC,Pemberdayaan masyarakat sebagai PMO serta kader TBC di lingkungan masyarakat,Optimalisasi pemberian TPT,Penyuluhan tingkat kelurahan tentang 10 indikator PHBS,Peningkatan pelayanan konseling Upaya Berhenti Merokok (UBM) dan perluasan KTR
120,Pleburan,26,3,Undefined,Undefined,Undefined,Undefined,Undefined,Undefined,Undefined
121,Karangturi,31,1,Peningkatan kapasitas petugas terkait teknik komunikasi kepada pasien dan keluarga,Peningkatan kualitas layanan fasyankes,Penyuluhan tingkat kelurahan tentang 10 indikator PHBS,Penyuluhan tingkat kelurahan dan memperbanyak media Komunikasi Informasi Edukasi (KIE) untuk masyarakat tentang pencegahan dan pengobatan TBC,Pemberdayaan masyarakat sebagai PMO serta kader TBC di lingkungan masyarakat,Optimalisasi pemberian TPT,Peningkatan pelayanan konseling Upaya Berhenti Merokok (UBM) dan perluasan KTR
122,Sawahbesar,8,15,Peningkatan kapasitas petugas terkait teknik komunikasi kepada pasien dan keluarga,Peningkatan kualitas layanan fasyankes,Penyuluhan tingkat kelurahan tentang 10 indikator PHBS,Penyuluhan tingkat kelurahan dan memperbanyak media Komunikasi Informasi Edukasi (KIE) untuk masyarakat tentang pencegahan dan pengobatan TBC,Pemberdayaan masyarakat sebagai PMO serta kader TBC di lingkungan masyarakat,Optimalisasi pemberian TPT,Peningkatan pelayanan konseling Upaya Berhenti Merokok (UBM) dan perluasan KTR
123,Lamper lor,27,8,Peningkatan kapasitas petugas terkait teknik komunikasi kepada pasien dan keluarga,Penyuluhan tingkat kelurahan dan memperbanyak media Komunikasi Informasi Edukasi (KIE) untuk masyarakat tentang pencegahan dan pengobatan TBC,Peningkatan kualitas layanan fasyankes,Optimalisasi pemberian TPT,Pemberdayaan masyarakat sebagai PMO serta kader TBC di lingkungan masyarakat,Penyuluhan tingkat kelurahan tentang 10 indikator PHBS,Peningkatan pelayanan konseling Upaya Berhenti Merokok (UBM) dan perluasan KTR
124,Penggaron lor,9,7,Peningkatan kapasitas petugas terkait teknik komunikasi kepada pasien dan keluarga,Penyuluhan tingkat kelurahan dan memperbanyak media Komunikasi Informasi Edukasi (KIE) untuk masyarakat tentang pencegahan dan pengobatan TBC,Peningkatan kualitas layanan fasyankes,Optimalisasi pemberian TPT,Pemberdayaan masyarakat sebagai PMO serta kader TBC di lingkungan masyarakat,Penyuluhan tingkat kelurahan tentang 10 indikator PHBS,Peningkatan pelayanan konseling Upaya Berhenti Merokok (UBM) dan perluasan KTR
125,Peterongan,27,10,Peningkatan kapasitas petugas terkait teknik komunikasi kepada pasien dan keluarga,Pemberdayaan masyarakat sebagai PMO serta kader TBC di lingkungan masyarakat,Optimalisasi pemberian TPT,Peningkatan kualitas layanan fasyankes,Peningkatan kapasitas petugas terkait manajemen efek samping obat,Penyuluhan tingkat kelurahan tentang 10 indikator PHBS,Peningkatan pelayanan konseling Upaya Berhenti Merokok (UBM) dan perluasan KTR
126,Pudakpayung,2,11,Peningkatan kualitas layanan fasyankes,Peningkatan kapasitas petugas terkait teknik komunikasi kepada pasien dan keluarga,Penyuluhan tingkat kelurahan dan memperbanyak media Komunikasi Informasi Edukasi (KIE) untuk masyarakat tentang pencegahan dan pengobatan TBC,Pemberdayaan masyarakat sebagai PMO serta kader TBC di lingkungan masyarakat,Optimalisasi pemberian TPT,Penyuluhan tingkat kelurahan tentang 10 indikator PHBS,Peningkatan pelayanan konseling Upaya Berhenti Merokok (UBM) dan perluasan KTR
127,Tinjomoyo,4,7,Peningkatan kapasitas petugas terkait teknik komunikasi kepada pasien dan keluarga,Penyuluhan tingkat kelurahan dan memperbanyak media Komunikasi Informasi Edukasi (KIE) untuk masyarakat tentang pencegahan dan pengobatan TBC,Peningkatan kualitas layanan fasyankes,Optimalisasi pemberian TPT,Pemberdayaan masyarakat sebagai PMO serta kader TBC di lingkungan masyarakat,Penyuluhan tingkat kelurahan tentang 10 indikator PHBS,Peningkatan pelayanan konseling Upaya Berhenti Merokok (UBM) dan perluasan KTR
128,Kedungpani,14,5,Peningkatan kapasitas petugas terkait teknik komunikasi kepada pasien dan keluarga,Penyuluhan tingkat kelurahan dan memperbanyak media Komunikasi Informasi Edukasi (KIE) untuk masyarakat tentang pencegahan dan pengobatan TBC,Peningkatan kualitas layanan fasyankes,Optimalisasi pemberian TPT,Pemberdayaan masyarakat sebagai PMO serta kader TBC di lingkungan masyarakat,Penyuluhan tingkat kelurahan tentang 10 indikator PHBS,Peningkatan pelayanan konseling Upaya Berhenti Merokok (UBM) dan perluasan KTR
129,Jatirejo,11,2,Peningkatan kapasitas petugas terkait teknik komunikasi kepada pasien dan keluarga,Penyuluhan tingkat kelurahan dan memperbanyak media Komunikasi Informasi Edukasi (KIE) untuk masyarakat tentang pencegahan dan pengobatan TBC,Peningkatan kualitas layanan fasyankes,Optimalisasi pemberian TPT,Pemberdayaan masyarakat sebagai PMO serta kader TBC di lingkungan masyarakat,Penyuluhan tingkat kelurahan tentang 10 indikator PHBS,Peningkatan pelayanan konseling Upaya Berhenti Merokok (UBM) dan perluasan KTR
130,Wonosari,18,20,Peningkatan kapasitas petugas terkait manajemen efek samping obat,Peningkatan kualitas layanan fasyankes,Pemberdayaan masyarakat sebagai PMO serta kader TBC di lingkungan masyarakat,Penyuluhan tingkat kelurahan tentang 10 indikator PHBS,Penyuluhan tingkat kelurahan dan memperbanyak media Komunikasi Informasi Edukasi (KIE) untuk masyarakat tentang pencegahan dan pengobatan TBC,Peningkatan pelayanan konseling Upaya Berhenti Merokok (UBM) dan perluasan KTR,Peningkatan kapasitas petugas terkait teknik komunikasi kepada pasien dan keluarga
131,Tambakrejo,8,9,Peningkatan kapasitas petugas terkait teknik komunikasi kepada pasien dan keluarga,Peningkatan kualitas layanan fasyankes,Penyuluhan tingkat kelurahan tentang 10 indikator PHBS,Penyuluhan tingkat kelurahan dan memperbanyak media Komunikasi Informasi Edukasi (KIE) untuk masyarakat tentang pencegahan dan pengobatan TBC,Pemberdayaan masyarakat sebagai PMO serta kader TBC di lingkungan masyarakat,Optimalisasi pemberian TPT,Peningkatan pelayanan konseling Upaya Berhenti Merokok (UBM) dan perluasan KTR
132,Karanganyar,37,4,Peningkatan kapasitas petugas terkait teknik komunikasi kepada pasien dan keluarga,Penyuluhan tingkat kelurahan dan memperbanyak media Komunikasi Informasi Edukasi (KIE) untuk masyarakat tentang pencegahan dan pengobatan TBC,Peningkatan kualitas layanan fasyankes,Optimalisasi pemberian TPT,Pemberdayaan masyarakat sebagai PMO serta kader TBC di lingkungan masyarakat,Penyuluhan tingkat kelurahan tentang 10 indikator PHBS,Peningkatan pelayanan konseling Upaya Berhenti Merokok (UBM) dan perluasan KTR
133,Karangmalang,13,2,Peningkatan kapasitas petugas terkait teknik komunikasi kepada pasien dan keluarga,Penyuluhan tingkat kelurahan dan memperbanyak media Komunikasi Informasi Edukasi (KIE) untuk masyarakat tentang pencegahan dan pengobatan TBC,Peningkatan kualitas layanan fasyankes,Optimalisasi pemberian TPT,Pemberdayaan masyarakat sebagai PMO serta kader TBC di lingkungan masyarakat,Penyuluhan tingkat kelurahan tentang 10 indikator PHBS,Peningkatan pelayanan konseling Upaya Berhenti Merokok (UBM) dan perluasan KTR
134,Purwoyoso,17,18,Peningkatan kualitas layanan fasyankes,Peningkatan kapasitas petugas terkait teknik komunikasi kepada pasien dan keluarga,Penyuluhan tingkat kelurahan dan memperbanyak media Komunikasi Informasi Edukasi (KIE) untuk masyarakat tentang pencegahan dan pengobatan TBC,Pemberdayaan masyarakat sebagai PMO serta kader TBC di lingkungan masyarakat,Optimalisasi pemberian TPT,Penyuluhan tingkat kelurahan tentang 10 indikator PHBS,Peningkatan pelayanan konseling Upaya Berhenti Merokok (UBM) dan perluasan KTR
135,Kalipancur,17,12,Peningkatan kapasitas petugas terkait manajemen efek samping obat,Peningkatan kualitas layanan fasyankes,Pemberdayaan masyarakat sebagai PMO serta kader TBC di lingkungan masyarakat,Penyuluhan tingkat kelurahan tentang 10 indikator PHBS,Penyuluhan tingkat kelurahan dan memperbanyak media Komunikasi Informasi Edukasi (KIE) untuk masyarakat tentang pencegahan dan pengobatan TBC,Peningkatan pelayanan konseling Upaya Berhenti Merokok (UBM) dan perluasan KTR,Peningkatan kapasitas petugas terkait teknik komunikasi kepada pasien dan keluarga
136,Karang rejo,7,4,Peningkatan kapasitas petugas terkait teknik komunikasi kepada pasien dan keluarga,Peningkatan kualitas layanan fasyankes,Penyuluhan tingkat kelurahan tentang 10 indikator PHBS,Penyuluhan tingkat kelurahan dan memperbanyak media Komunikasi Informasi Edukasi (KIE) untuk masyarakat tentang pencegahan dan pengobatan TBC,Pemberdayaan masyarakat sebagai PMO serta kader TBC di lingkungan masyarakat,Optimalisasi pemberian TPT,Peningkatan pelayanan konseling Upaya Berhenti Merokok (UBM) dan perluasan KTR
137,Kaligawe,8,11,Peningkatan kapasitas petugas terkait teknik komunikasi kepada pasien dan keluarga,Pemberdayaan masyarakat sebagai PMO serta kader TBC di lingkungan masyarakat,Optimalisasi pemberian TPT,Peningkatan kualitas layanan fasyankes,Peningkatan kapasitas petugas terkait manajemen efek samping obat,Penyuluhan tingkat kelurahan tentang 10 indikator PHBS,Peningkatan pelayanan konseling Upaya Berhenti Merokok (UBM) dan perluasan KTR
138,Pendrikan lor,28,14,Peningkatan kapasitas petugas terkait teknik komunikasi kepada pasien dan keluarga,Peningkatan kualitas layanan fasyankes,Penyuluhan tingkat kelurahan tentang 10 indikator PHBS,Penyuluhan tingkat kelurahan dan memperbanyak media Komunikasi Informasi Edukasi (KIE) untuk masyarakat tentang pencegahan dan pengobatan TBC,Pemberdayaan masyarakat sebagai PMO serta kader TBC di lingkungan masyarakat,Optimalisasi pemberian TPT,Peningkatan pelayanan konseling Upaya Berhenti Merokok (UBM) dan perluasan KTR
139,Karangtempel,31,5,Peningkatan kapasitas petugas terkait teknik komunikasi kepada pasien dan keluarga,Penyuluhan tingkat kelurahan dan memperbanyak media Komunikasi Informasi Edukasi (KIE) untuk masyarakat tentang pencegahan dan pengobatan TBC,Peningkatan kualitas layanan fasyankes,Optimalisasi pemberian TPT,Pemberdayaan masyarakat sebagai PMO serta kader TBC di lingkungan masyarakat,Penyuluhan tingkat kelurahan tentang 10 indikator PHBS,Peningkatan pelayanan konseling Upaya Berhenti Merokok (UBM) dan perluasan KTR
140,Jangli,35,10,Peningkatan kapasitas petugas terkait teknik komunikasi kepada pasien dan keluarga,Peningkatan kualitas layanan fasyankes,Penyuluhan tingkat kelurahan tentang 10 indikator PHBS,Penyuluhan tingkat kelurahan dan memperbanyak media Komunikasi Informasi Edukasi (KIE) untuk masyarakat tentang pencegahan dan pengobatan TBC,Pemberdayaan masyarakat sebagai PMO serta kader TBC di lingkungan masyarakat,Optimalisasi pemberian TPT,Peningkatan pelayanan konseling Upaya Berhenti Merokok (UBM) dan perluasan KTR
141,Pandean lamper,8,16,Peningkatan kapasitas petugas terkait teknik komunikasi kepada pasien dan keluarga,Penyuluhan tingkat kelurahan dan memperbanyak media Komunikasi Informasi Edukasi (KIE) untuk masyarakat tentang pencegahan dan pengobatan TBC,Peningkatan kualitas layanan fasyankes,Optimalisasi pemberian TPT,Pemberdayaan masyarakat sebagai PMO serta kader TBC di lingkungan masyarakat,Penyuluhan tingkat kelurahan tentang 10 indikator PHBS,Peningkatan pelayanan konseling Upaya Berhenti Merokok (UBM) dan perluasan KTR
142,Randusari,26,6,Peningkatan kapasitas petugas terkait teknik komunikasi kepada pasien dan keluarga,Pemberdayaan masyarakat sebagai PMO serta kader TBC di lingkungan masyarakat,Optimalisasi pemberian TPT,Peningkatan kualitas layanan fasyankes,Peningkatan kapasitas petugas terkait manajemen efek samping obat,Penyuluhan tingkat kelurahan tentang 10 indikator PHBS,Peningkatan pelayanan konseling Upaya Berhenti Merokok (UBM) dan perluasan KTR
143,Bulu lor,15,26,Peningkatan kapasitas petugas terkait teknik komunikasi kepada pasien dan keluarga,Pemberdayaan masyarakat sebagai PMO serta kader TBC di lingkungan masyarakat,Optimalisasi pemberian TPT,Peningkatan kualitas layanan fasyankes,Peningkatan kapasitas petugas terkait manajemen efek samping obat,Penyuluhan tingkat kelurahan tentang 10 indikator PHBS,Peningkatan pelayanan konseling Upaya Berhenti Merokok (UBM) dan perluasan KTR
144,Jerakah,37,1,Peningkatan kapasitas petugas terkait teknik komunikasi kepada pasien dan keluarga,Penyuluhan tingkat kelurahan dan memperbanyak media Komunikasi Informasi Edukasi (KIE) untuk masyarakat tentang pencegahan dan pengobatan TBC,Peningkatan kualitas layanan fasyankes,Optimalisasi pemberian TPT,Pemberdayaan masyarakat sebagai PMO serta kader TBC di lingkungan masyarakat,Penyuluhan tingkat kelurahan tentang 10 indikator PHBS,Peningkatan pelayanan konseling Upaya Berhenti Merokok (UBM) dan perluasan KTR
145,Sukorejo,12,15,Peningkatan kualitas layanan fasyankes,Optimalisasi pemberian TPT,Peningkatan kapasitas petugas terkait teknik komunikasi kepada pasien dan keluarga,Penyuluhan tingkat kelurahan tentang 10 indikator PHBS,Penyuluhan tingkat kelurahan dan memperbanyak media Komunikasi Informasi Edukasi (KIE) untuk masyarakat tentang pencegahan dan pengobatan TBC,Pengendalian faktor risiko lingkungan,Pemberdayaan masyarakat sebagai PMO serta kader TBC di lingkungan masyarakat
146,Barusari,26,5,Peningkatan kapasitas petugas terkait teknik komunikasi kepada pasien dan keluarga,Penyuluhan tingkat kelurahan dan memperbanyak media Komunikasi Informasi Edukasi (KIE) untuk masyarakat tentang pencegahan dan pengobatan TBC,Peningkatan kualitas layanan fasyankes,Optimalisasi pemberian TPT,Pemberdayaan masyarakat sebagai PMO serta kader TBC di lingkungan masyarakat,Penyuluhan tingkat kelurahan tentang 10 indikator PHBS,Peningkatan pelayanan konseling Upaya Berhenti Merokok (UBM) dan perluasan KTR
147,Jomblang,6,26,Peningkatan kapasitas petugas terkait manajemen efek samping obat,Peningkatan kualitas layanan fasyankes,Pemberdayaan masyarakat sebagai PMO serta kader TBC di lingkungan masyarakat,Penyuluhan tingkat kelurahan tentang 10 indikator PHBS,Penyuluhan tingkat kelurahan dan memperbanyak media Komunikasi Informasi Edukasi (KIE) untuk masyarakat tentang pencegahan dan pengobatan TBC,Peningkatan pelayanan konseling Upaya Berhenti Merokok (UBM) dan perluasan KTR,Peningkatan kapasitas petugas terkait teknik komunikasi kepada pasien dan keluarga
148,Gayamsari,8,15,Peningkatan kapasitas petugas terkait teknik komunikasi kepada pasien dan keluarga,Pemberdayaan masyarakat sebagai PMO serta kader TBC di lingkungan masyarakat,Optimalisasi pemberian TPT,Peningkatan kualitas layanan fasyankes,Peningkatan kapasitas petugas terkait manajemen efek samping obat,Penyuluhan tingkat kelurahan tentang 10 indikator PHBS,Peningkatan pelayanan konseling Upaya Berhenti Merokok (UBM) dan perluasan KTR
149,Lamper tengah,27,13,Peningkatan kapasitas petugas terkait teknik komunikasi kepada pasien dan keluarga,Peningkatan kualitas layanan fasyankes,Penyuluhan tingkat kelurahan tentang 10 indikator PHBS,Penyuluhan tingkat kelurahan dan memperbanyak media Komunikasi Informasi Edukasi (KIE) untuk masyarakat tentang pencegahan dan pengobatan TBC,Pemberdayaan masyarakat sebagai PMO serta kader TBC di lingkungan masyarakat,Optimalisasi pemberian TPT,Peningkatan pelayanan konseling Upaya Berhenti Merokok (UBM) dan perluasan KTR
150,Tegalsari,5,21,Peningkatan kualitas layanan fasyankes,Peningkatan kapasitas petugas terkait teknik komunikasi kepada pasien dan keluarga,Penyuluhan tingkat kelurahan dan memperbanyak media Komunikasi Informasi Edukasi (KIE) untuk masyarakat tentang pencegahan dan pengobatan TBC,Pemberdayaan masyarakat sebagai PMO serta kader TBC di lingkungan masyarakat,Optimalisasi pemberian TPT,Penyuluhan tingkat kelurahan tentang 10 indikator PHBS,Peningkatan pelayanan konseling Upaya Berhenti Merokok (UBM) dan perluasan KTR
151,Mangkang wetan,36,2,Peningkatan kapasitas petugas terkait teknik komunikasi kepada pasien dan keluarga,Peningkatan kualitas layanan fasyankes,Penyuluhan tingkat kelurahan tentang 10 indikator PHBS,Penyuluhan tingkat kelurahan dan memperbanyak media Komunikasi Informasi Edukasi (KIE) untuk masyarakat tentang pencegahan dan pengobatan TBC,Pemberdayaan masyarakat sebagai PMO serta kader TBC di lingkungan masyarakat,Optimalisasi pemberian TPT,Peningkatan pelayanan konseling Upaya Berhenti Merokok (UBM) dan perluasan KTR
152,Randu garut,37,3,Peningkatan kapasitas petugas terkait teknik komunikasi kepada pasien dan keluarga,Peningkatan kualitas layanan fasyankes,Penyuluhan tingkat kelurahan tentang 10 indikator PHBS,Penyuluhan tingkat kelurahan dan memperbanyak media Komunikasi Informasi Edukasi (KIE) untuk masyarakat tentang pencegahan dan pengobatan TBC,Pemberdayaan masyarakat sebagai PMO serta kader TBC di lingkungan masyarakat,Optimalisasi pemberian TPT,Peningkatan pelayanan konseling Upaya Berhenti Merokok (UBM) dan perluasan KTR
153,Tugurejo,37,8,Peningkatan kapasitas petugas terkait teknik komunikasi kepada pasien dan keluarga,Pemberdayaan masyarakat sebagai PMO serta kader TBC di lingkungan masyarakat,Optimalisasi pemberian TPT,Peningkatan kualitas layanan fasyankes,Peningkatan kapasitas petugas terkait manajemen efek samping obat,Penyuluhan tingkat kelurahan tentang 10 indikator PHBS,Peningkatan pelayanan konseling Upaya Berhenti Merokok (UBM) dan perluasan KTR
154,Mangkang kulon,36,1,Peningkatan kapasitas petugas terkait teknik komunikasi kepada pasien dan keluarga,Penyuluhan tingkat kelurahan dan memperbanyak media Komunikasi Informasi Edukasi (KIE) untuk masyarakat tentang pencegahan dan pengobatan TBC,Peningkatan kualitas layanan fasyankes,Optimalisasi pemberian TPT,Pemberdayaan masyarakat sebagai PMO serta kader TBC di lingkungan masyarakat,Penyuluhan tingkat kelurahan tentang 10 indikator PHBS,Peningkatan pelayanan konseling Upaya Berhenti Merokok (UBM) dan perluasan KTR
155,Mangunharjo,36,2,Peningkatan kapasitas petugas terkait teknik komunikasi kepada pasien dan keluarga,Peningkatan kualitas layanan fasyankes,Penyuluhan tingkat kelurahan tentang 10 indikator PHBS,Penyuluhan tingkat kelurahan dan memperbanyak media Komunikasi Informasi Edukasi (KIE) untuk masyarakat tentang pencegahan dan pengobatan TBC,Pemberdayaan masyarakat sebagai PMO serta kader TBC di lingkungan masyarakat,Optimalisasi pemberian TPT,Peningkatan pelayanan konseling Upaya Berhenti Merokok (UBM) dan perluasan KTR
156,Bambankerep,16,5,Peningkatan kapasitas petugas terkait teknik komunikasi kepada pasien dan keluarga,Penyuluhan tingkat kelurahan dan memperbanyak media Komunikasi Informasi Edukasi (KIE) untuk masyarakat tentang pencegahan dan pengobatan TBC,Peningkatan kualitas layanan fasyankes,Optimalisasi pemberian TPT,Pemberdayaan masyarakat sebagai PMO serta kader TBC di lingkungan masyarakat,Penyuluhan tingkat kelurahan tentang 10 indikator PHBS,Peningkatan pelayanan konseling Upaya Berhenti Merokok (UBM) dan perluasan KTR
157,Kramas,34,0,Peningkatan kapasitas petugas terkait teknik komunikasi kepada pasien dan keluarga,Penyuluhan tingkat kelurahan dan memperbanyak media Komunikasi Informasi Edukasi (KIE) untuk masyarakat tentang pencegahan dan pengobatan TBC,Peningkatan kualitas layanan fasyankes,Optimalisasi pemberian TPT,Pemberdayaan masyarakat sebagai PMO serta kader TBC di lingkungan masyarakat,Penyuluhan tingkat kelurahan tentang 10 indikator PHBS,Peningkatan pelayanan konseling Upaya Berhenti Merokok (UBM) dan perluasan KTR
158,Jabungan,3,3,Peningkatan kapasitas petugas terkait teknik komunikasi kepada pasien dan keluarga,Penyuluhan tingkat kelurahan dan memperbanyak media Komunikasi Informasi Edukasi (KIE) untuk masyarakat tentang pencegahan dan pengobatan TBC,Peningkatan kualitas layanan fasyankes,Optimalisasi pemberian TPT,Pemberdayaan masyarakat sebagai PMO serta kader TBC di lingkungan masyarakat,Penyuluhan tingkat kelurahan tentang 10 indikator PHBS,Peningkatan pelayanan konseling Upaya Berhenti Merokok (UBM) dan perluasan KTR
159,Rowosari,34,9,Peningkatan kapasitas petugas terkait teknik komunikasi kepada pasien dan keluarga,Pemberdayaan masyarakat sebagai PMO serta kader TBC di lingkungan masyarakat,Optimalisasi pemberian TPT,Peningkatan kualitas layanan fasyankes,Peningkatan kapasitas petugas terkait manajemen efek samping obat,Penyuluhan tingkat kelurahan tentang 10 indikator PHBS,Peningkatan pelayanan konseling Upaya Berhenti Merokok (UBM) dan perluasan KTR
160,Plamongan sari,20,14,Peningkatan kapasitas petugas terkait teknik komunikasi kepada pasien dan keluarga,Penyuluhan tingkat kelurahan dan memperbanyak media Komunikasi Informasi Edukasi (KIE) untuk masyarakat tentang pencegahan dan pengobatan TBC,Peningkatan kualitas layanan fasyankes,Optimalisasi pemberian TPT,Pemberdayaan masyarakat sebagai PMO serta kader TBC di lingkungan masyarakat,Penyuluhan tingkat kelurahan tentang 10 indikator PHBS,Peningkatan pelayanan konseling Upaya Berhenti Merokok (UBM) dan perluasan KTR
161,Ngesrep,4,6,Peningkatan kapasitas petugas terkait teknik komunikasi kepada pasien dan keluarga,Pemberdayaan masyarakat sebagai PMO serta kader TBC di lingkungan masyarakat,Optimalisasi pemberian TPT,Peningkatan kualitas layanan fasyankes,Peningkatan kapasitas petugas terkait manajemen efek samping obat,Penyuluhan tingkat kelurahan tentang 10 indikator PHBS,Peningkatan pelayanan konseling Upaya Berhenti Merokok (UBM) dan perluasan KTR
162,Jatingaleh,6,17,Peningkatan kualitas layanan fasyankes,Peningkatan kapasitas petugas terkait teknik komunikasi kepada pasien dan keluarga,Penyuluhan tingkat kelurahan dan memperbanyak media Komunikasi Informasi Edukasi (KIE) untuk masyarakat tentang pencegahan dan pengobatan TBC,Pemberdayaan masyarakat sebagai PMO serta kader TBC di lingkungan masyarakat,Optimalisasi pemberian TPT,Penyuluhan tingkat kelurahan tentang 10 indikator PHBS,Peningkatan pelayanan konseling Upaya Berhenti Merokok (UBM) dan perluasan KTR
163,Kaliwiru,5,5,Peningkatan kapasitas petugas terkait teknik komunikasi kepada pasien dan keluarga,Peningkatan kualitas layanan fasyankes,Penyuluhan tingkat kelurahan tentang 10 indikator PHBS,Penyuluhan tingkat kelurahan dan memperbanyak media Komunikasi Informasi Edukasi (KIE) untuk masyarakat tentang pencegahan dan pengobatan TBC,Pemberdayaan masyarakat sebagai PMO serta kader TBC di lingkungan masyarakat,Optimalisasi pemberian TPT,Peningkatan pelayanan konseling Upaya Berhenti Merokok (UBM) dan perluasan KTR
164,Wonotingal,5,14,Peningkatan kapasitas petugas terkait teknik komunikasi kepada pasien dan keluarga,Peningkatan kualitas layanan fasyankes,Penyuluhan tingkat kelurahan tentang 10 indikator PHBS,Penyuluhan tingkat kelurahan dan memperbanyak media Komunikasi Informasi Edukasi (KIE) untuk masyarakat tentang pencegahan dan pengobatan TBC,Pemberdayaan masyarakat sebagai PMO serta kader TBC di lingkungan masyarakat,Optimalisasi pemberian TPT,Peningkatan pelayanan konseling Upaya Berhenti Merokok (UBM) dan perluasan KTR
165,Lempongsari,7,5,Peningkatan kualitas layanan fasyankes,Peningkatan kapasitas petugas terkait teknik komunikasi kepada pasien dan keluarga,Penyuluhan tingkat kelurahan dan memperbanyak media Komunikasi Informasi Edukasi (KIE) untuk masyarakat tentang pencegahan dan pengobatan TBC,Pemberdayaan masyarakat sebagai PMO serta kader TBC di lingkungan masyarakat,Optimalisasi pemberian TPT,Penyuluhan tingkat kelurahan tentang 10 indikator PHBS,Peningkatan pelayanan konseling Upaya Berhenti Merokok (UBM) dan perluasan KTR
166,Candi,5,23,Peningkatan kapasitas petugas terkait teknik komunikasi kepada pasien dan keluarga,Peningkatan kualitas layanan fasyankes,Penyuluhan tingkat kelurahan tentang 10 indikator PHBS,Penyuluhan tingkat kelurahan dan memperbanyak media Komunikasi Informasi Edukasi (KIE) untuk masyarakat tentang pencegahan dan pengobatan TBC,Pemberdayaan masyarakat sebagai PMO serta kader TBC di lingkungan masyarakat,Optimalisasi pemberian TPT,Peningkatan pelayanan konseling Upaya Berhenti Merokok (UBM) dan perluasan KTR
167,Lamper kidul,27,1,Peningkatan kapasitas petugas terkait teknik komunikasi kepada pasien dan keluarga,Penyuluhan tingkat kelurahan dan memperbanyak media Komunikasi Informasi Edukasi (KIE) untuk masyarakat tentang pencegahan dan pengobatan TBC,Peningkatan kualitas layanan fasyankes,Optimalisasi pemberian TPT,Pemberdayaan masyarakat sebagai PMO serta kader TBC di lingkungan masyarakat,Penyuluhan tingkat kelurahan tentang 10 indikator PHBS,Peningkatan pelayanan konseling Upaya Berhenti Merokok (UBM) dan perluasan KTR
168,Kedungmundu,35,13,Peningkatan kapasitas petugas terkait teknik komunikasi kepada pasien dan keluarga,Penyuluhan tingkat kelurahan dan memperbanyak media Komunikasi Informasi Edukasi (KIE) untuk masyarakat tentang pencegahan dan pengobatan TBC,Peningkatan kualitas layanan fasyankes,Optimalisasi pemberian TPT,Pemberdayaan masyarakat sebagai PMO serta kader TBC di lingkungan masyarakat,Penyuluhan tingkat kelurahan tentang 10 indikator PHBS,Peningkatan pelayanan konseling Upaya Berhenti Merokok (UBM) dan perluasan KTR
169,Sendangguwo,35,26,Peningkatan kapasitas petugas terkait manajemen efek samping obat,Peningkatan kualitas layanan fasyankes,Pemberdayaan masyarakat sebagai PMO serta kader TBC di lingkungan masyarakat,Penyuluhan tingkat kelurahan tentang 10 indikator PHBS,Penyuluhan tingkat kelurahan dan memperbanyak media Komunikasi Informasi Edukasi (KIE) untuk masyarakat tentang pencegahan dan pengobatan TBC,Peningkatan pelayanan konseling Upaya Berhenti Merokok (UBM) dan perluasan KTR,Peningkatan kapasitas petugas terkait teknik komunikasi kepada pasien dan keluarga
170,Mugassari,26,5,Peningkatan kapasitas petugas terkait teknik komunikasi kepada pasien dan keluarga,Peningkatan kualitas layanan fasyankes,Penyuluhan tingkat kelurahan tentang 10 indikator PHBS,Penyuluhan tingkat kelurahan dan memperbanyak media Komunikasi Informasi Edukasi (KIE) untuk masyarakat tentang pencegahan dan pengobatan TBC,Pemberdayaan masyarakat sebagai PMO serta kader TBC di lingkungan masyarakat,Optimalisasi pemberian TPT,Peningkatan pelayanan konseling Upaya Berhenti Merokok (UBM) dan perluasan KTR
171,Siwalan,8,9,Peningkatan kapasitas petugas terkait teknik komunikasi kepada pasien dan keluarga,Peningkatan kualitas layanan fasyankes,Penyuluhan tingkat kelurahan tentang 10 indikator PHBS,Penyuluhan tingkat kelurahan dan memperbanyak media Komunikasi Informasi Edukasi (KIE) untuk masyarakat tentang pencegahan dan pengobatan TBC,Pemberdayaan masyarakat sebagai PMO serta kader TBC di lingkungan masyarakat,Optimalisasi pemberian TPT,Peningkatan pelayanan konseling Upaya Berhenti Merokok (UBM) dan perluasan KTR
172,Muktiharjo kidul,19,56,Penyuluhan tingkat kelurahan dan memperbanyak media Komunikasi Informasi Edukasi (KIE) untuk masyarakat tentang pencegahan dan pengobatan TBC,Peningkatan kapasitas petugas terkait teknik komunikasi kepada pasien dan keluarga,Pemberdayaan masyarakat sebagai PMO serta kader TBC di lingkungan masyarakat,Penyuluhan tingkat kelurahan tentang 10 indikator PHBS,Peningkatan pelayanan konseling Upaya Berhenti Merokok (UBM) dan perluasan KTR,Peningkatan kualitas layanan fasyankes,Optimalisasi pemberian TPT
173,Kudu,9,13,Peningkatan kapasitas petugas terkait teknik komunikasi kepada pasien dan keluarga,Peningkatan kualitas layanan fasyankes,Penyuluhan tingkat kelurahan tentang 10 indikator PHBS,Penyuluhan tingkat kelurahan dan memperbanyak media Komunikasi Informasi Edukasi (KIE) untuk masyarakat tentang pencegahan dan pengobatan TBC,Pemberdayaan masyarakat sebagai PMO serta kader TBC di lingkungan masyarakat,Optimalisasi pemberian TPT,Peningkatan pelayanan konseling Upaya Berhenti Merokok (UBM) dan perluasan KTR
174,Karangroto,9,19,Peningkatan kualitas layanan fasyankes,Peningkatan kapasitas petugas terkait teknik komunikasi kepada pasien dan keluarga,Penyuluhan tingkat kelurahan dan memperbanyak media Komunikasi Informasi Edukasi (KIE) untuk masyarakat tentang pencegahan dan pengobatan TBC,Pemberdayaan masyarakat sebagai PMO serta kader TBC di lingkungan masyarakat,Optimalisasi pemberian TPT,Penyuluhan tingkat kelurahan tentang 10 indikator PHBS,Peningkatan pelayanan konseling Upaya Berhenti Merokok (UBM) dan perluasan KTR
175,Tanjungmas,33,53,Penyuluhan tingkat kelurahan dan memperbanyak media Komunikasi Informasi Edukasi (KIE) untuk masyarakat tentang pencegahan dan pengobatan TBC,Peningkatan kapasitas petugas terkait teknik komunikasi kepada pasien dan keluarga,Pemberdayaan masyarakat sebagai PMO serta kader TBC di lingkungan masyarakat,Penyuluhan tingkat kelurahan tentang 10 indikator PHBS,Peningkatan pelayanan konseling Upaya Berhenti Merokok (UBM) dan perluasan KTR,Peningkatan kualitas layanan fasyankes,Optimalisasi pemberian TPT
176,Dadapsari,33,12,Peningkatan kapasitas petugas terkait teknik komunikasi kepada pasien dan keluarga,Peningkatan kualitas layanan fasyankes,Penyuluhan tingkat kelurahan tentang 10 indikator PHBS,Penyuluhan tingkat kelurahan dan memperbanyak media Komunikasi Informasi Edukasi (KIE) untuk masyarakat tentang pencegahan dan pengobatan TBC,Pemberdayaan masyarakat sebagai PMO serta kader TBC di lingkungan masyarakat,Optimalisasi pemberian TPT,Peningkatan pelayanan konseling Upaya Berhenti Merokok (UBM) dan perluasan KTR
177,Sumurejo,11,2,Undefined,Undefined,Undefined,Undefined,Undefined,Undefined,Undefined
